<?xml version="1.0" encoding="UTF-8"?>
<!DOCTYPE suite SYSTEM "http://testng.org/testng-1.0.dtd">

<suite thread-count="3" parallel="tests"  name="lambda">
<test name="Firefox" >
  <parameter name="browserName" value="Firefox"/>
  <parameter name="version" value="90.0"/>
  <parameter name="platform" value="Windows 8.1"/>
  <parameter name="resolution" value="1024x768"/>
  <classes>
    <!--<class name="Prepaid.testScripts.cms.cardManagement.CardCreation.TC_CMS_CM_CCR_01"/>
    <class name="Prepaid.testScripts.cms.cardManagement.CardCreation.TC_CMS_CM_CCA_01"/>
    <class name="Prepaid.testScripts.cms.cardManagement.CardCreation.TC_CMS_EOD_CCJ_01"/>-->
    <class name="Prepaid.testScripts.csr.settlements.settlementFileUpload"/>
  </classes>
</test> <!-- Test -->

<!--
<test name="firefox" >
  <parameter name="browser" value=""/>
  <parameter name="browser_version" value=""/>
  <parameter name="os" value=""/>
  <parameter name="os_version" value=""/>
  <parameter name="resolution" value=""/>
  <classes>
    <class name="com.lambdatest.ParameterizedClass"/>
  </classes>
</test>
  <parameter name="browser" value=""/>
  <parameter name="browser_version" value=""/>
  <parameter name="os" value=""/>
  <parameter name="os_version" value=""/>
  <parameter name="resolution" value=""/>
<test name="safari" >
  <classes>
    <class name="com.lambdatest.ParameterizedClass"/>
  </classes>
</test>
  -->
</suite> <!-- Suite -->