{
	"scenarioName": "'scenario_name'",
	"steps": [
		{
			"name": "'api1_name'",
			"url": "'api1_url'",
			"method": "'api1_method'",
			"request": {
				"body": {
					"testtoken": "${publictoken.token}"
				}
			},
			"verify": {
				"status": "api1_statusCode",
				"body": {
					"data": {
						"id": "api1_responseData_id",
						"name": "'api1_responseData_name'",
						"year": "api1_responseData_year",
						"color": "'api1_responseData_color'",
						"pantone_value": "'api1_responseData_pantone_value'"
					},
					"support": {
						"url": "'api1_responseSupport_url'",
						"text": "'api1_responseSupport_text'"
					}
				}
			}
		},
		{
			"name": "'api2_name'",
			"url": "'api2_url'",
			"method": "'api2_method'",
			"request": {
				"body": {
					"test": "${$.api1_name.response.body.data.name}"
				}
			},
			"verify": {
				"status": "api2_statusCode",
				"body": {
					"data": {
						"id": "api2_responseData_id",
						"name": "'api2_responseData_name'",
						"year": "api2_responseData_year",
						"color": "'api2_responseData_color'",
						"pantone_value": "'api2_responseData_pantone_value'"
					},
					"support": {
						"url": "'api1_responseSupport_url'",
						"text": "'api1_responseSupport_text'"
					}
				}
			}
		}
	]
}