{
	"scenarioName": "'scenario_name'",
	"steps": [
        {
			"name": "'api1_name'",
			"url": "'api1_url'",
			"method": "'api1_method'",
			"request": {
                "headers":{
                    "Content-Type": "'contentType'",
                    "x-api-key": "'x-api-key'"
                },
				"body": {
                    "messageCode": "'api1_messageCode'",
                    "clientTxnId": "'api1_clientTxnId'",
                    "requestDateTime": "'api1_requestDateTime'",
					"customerId": "'api1_customerId'",
					"urn": "'api1_urn'",
					"productId": "'api1_productId'",
					"customerMobile": "'api1_customerMobile'",
					"cardProfileId": "'api1_cardProfileId'",
					"sorCustomerId": "'api1_sorCustomerId'",
					"newCardProfileId": "'api1_newCardProfileId'",
					"profileIdChangeDate": "'api1_profileIdChangeDate'",					
					"docList": [
						{
							"docType": "'api1_docList1_docType'",
							"docCountry": "'api1_docList1_docCountry'",
							"docExpiry": "'api1_docList1_docExpiry'",
							"docNumber": "'api1_docList1_docNumber'"
						}
					],					
					"cKycDocNo": "'api1_cKycDocNo'",
					"docConsent": "'api1_docConsent'",
					"kycDateStamp": "'api1_kycDateStamp'",
					"updateVectors": "'api1_updateVectors'",
					"updateDate": "'api1_updateDate'",
					"addressline1": "'api1_addressline1'",
					"addressline2": "'api1_addressline2'",
					"addressline3": "'api1_addressline3'",
					"cardholderAddress": "'api1_cardholderAddress'",
					"cardholderCity": "'api1_cardholderCity'",
					"cardholderState": "'api1_cardholderState'",
					"cardholderCountry": "'api1_cardholderCountry'",
					"cardholderZipCode": "'api1_cardholderZipCode'",
					"firstName": "'api1_firstName'",
					"lastName": "'api1_lastName'",
					"email": "'api1_email'",
					"dateOfBirth": "'api1_dateOfBirth'",
					"gender": "'api1_gender'",
					"alternateEmailId": "'api1_alternateEmailId'",
					"sorDisable": "'api1_sorDisable'",
					"riskCategory": "'api1_riskCategory'",
					"form60": "'api1_form60'",
					"rekyc": "'api1_rekyc'"
				}
			},
			"verify": {
				"status": "api1_response_status"
			}	
		},
		{
			"name": "'api2_name'",
			"url": "'api2_url'",
			"method": "'api2_method'",
			"request": {
                "headers":{
                    "Content-Type": "'contentType'",
                    "x-api-key": "'x-api-key'",
                    "clientId":"'clientId'",
                    "bankId":"'bankId'",
                    "secureCode":"'secureCode'",
                    "entityId":"'entityId'",
                    "X-Consumer-Custom-ID":"'X_Consumer_Custom_ID'"
                },
				"body": {
                    "token": "${$.api1_name.response.body.token}"
				}
			},
			"verify": {
				"status": "api2_response_status"
			}	
		},
        {
			"name": "'api3_name'",
			"url": "'api3_url'",
			"method": "'api3_method'",
			"request": {
                "headers":{
                    "Content-Type": "'contentType'",
                    "x-api-key": "'x-api-key'"
                },
				"body": {
                    "token": "${$.api2_name.response.body.token}"
				}
			},
			"verify": {
				"status": "api3_response_status",
                "body": {                
                    "responseCode": "'api3_response_response_code'",
                    "responseMessage": "'api3_response_response_message'"                
                }			
			}	
		}
	]
}