{
  "reportTimeStamp": "2016-07-22T11:51:13.480",
  "results": [
    {
      "scenarioName": "09_AS_20207_add_update_address_to_direct_involvement will makes you sad",
      "loop": "0",
      "steps": [
        {
          "loop": "0",
          "name": "create_sd",
          "url": "/services/service-delivery/sd_id_3030_90",
          "correlationId": "d6e2601c-5072-4bcf-a0dc-97e09c159cb6",
          "operation": "PUT",
          "requestTimeStamp": "2016-07-22T11:51:13.480",
          "responseTimeStamp": "2016-07-22T11:51:13.587",
          "Response delay": "107.0",
          "result": "pass"
        },
        {
          "loop": "1",
          "name": "create_sd",
          "url": "/services/service-delivery/sd_id_3030_90",
          "correlationId": "d6e2601c-5072-4bcf-a0dc-97e09c159cb6",
          "operation": "PUT",
          "requestTimeStamp": "2016-07-22T11:51:13.480",
          "responseTimeStamp": "2016-07-22T11:51:13.587",
          "Response delay": "107.0",
          "result": "pass"
        }
      ]
    },
    {
      "scenarioName": "09_AS_20207_add_update_address_to_direct_involvement will makes you sad",
      "loop": "1",
      "steps": [
        {
          "loop": "0",
          "name": "create_sd",
          "url": "/services/service-delivery/sd_id_3030_90",
          "correlationId": "d6e2601c-5072-4bcf-a0dc-97e09c159cb6",
          "operation": "PUT",
          "requestTimeStamp": "2016-07-22T11:51:13.480",
          "responseTimeStamp": "2016-07-22T11:51:13.587",
          "Response delay": "107.0",
          "result": "pass"
        },
        {
          "loop": "1",
          "name": "create_sd",
          "url": "/services/service-delivery/sd_id_3030_90",
          "correlationId": "d6e2601c-5072-4bcf-a0dc-97e09c159cb6",
          "operation": "PUT",
          "requestTimeStamp": "2016-07-22T11:51:13.480",
          "responseTimeStamp": "2016-07-22T11:51:13.587",
          "Response delay": "107.0",
          "result": "pass"
        }
      ]
    }
  ]
}

