{
	"scenarioName": "'scenario_name'",
	"steps": [
        {
			"name": "'api1_name'",
			"url": "'api1_url'",
			"method": "'api1_method'",
			"request": {
                "headers":{
                    "Content-Type": "'contentType'",
                    "x-api-key": "'x-api-key'"
                },
				"body": {                    
                    "clientTxnId": "'api1_clientTxnId'",
					"urn": "'api1_urn'",
                    "customerId": "'api1_customerId'",
					"registeredMobileNo": "'api1_registeredMobileNo'",
					"requesterEmail": "'api1_requesterEmail'",
					"txnDateTime": "'api1_txnDateTime'",
					"transactionId": "'api1_transactionId'",
					"merchantName": "'api1_merchantName'",
					"txnAmount": "'api1_txnAmount'",
					"disputeReasonId": "'api1_disputeReasonId'",
					"disputeComment": "'api1_disputeComment'",
					"requestSource": "'api1_requestSource'",
					"createdBy": "'api1_createdBy'"
				}
			},
			"verify": {
				"status": "api1_response_status"
			}	
		},
		{
			"name": "'api2_name'",
			"url": "'api2_url'",
			"method": "'api2_method'",
			"request": {
                "headers":{
                    "Content-Type": "'contentType'",
                    "x-api-key": "'x-api-key'",
                    "clientId":"'clientId'",
                    "bankId":"'bankId'",
                    "secureCode":"'secureCode'",
                    "entityId":"'entityId'",
                    "X-Consumer-Custom-ID":"'X_Consumer_Custom_ID'"
                },
				"body": {
                    "token": "${$.api1_name.response.body.token}"
				}
			},
			"verify": {
				"status": "api2_response_status"
			}	
		},
        {
			"name": "'api3_name'",
			"url": "'api3_url'",
			"method": "'api3_method'",
			"request": {
                "headers":{
                    "Content-Type": "'contentType'",
                    "x-api-key": "'x-api-key'"
                },
				"body": {
                    "token": "${$.api2_name.response.body.token}"
				}
			},
			"verify": {
				"status": "api3_response_status",
                "body": {                
                    "responseCode": "'api3_response_response_code'",
                    "responseMessage": "'api3_response_response_message'"                
                }			
			}	
		}
	]
}