{
	"scenarioName": "'scenario_name'",
	"steps": [
		{
			"name": "'api1_name'",
			"url": "'api1_url'",
			"method": "'api1_method'",
			"request": {
                "headers":{
                    "Content-Type": "'api1_reqHeader_contentType'",
                    "x-api-key": "'api1_reqHeader_x-api-key'",
                    "clientId": "'api1_reqHeader_clientId'",
                    "bankId": "'api1_reqHeader_bankId'",
                    "secureCode": "'api1_reqHeader_secureCode'"
                },
				"body": {
                    "messageCode": "'api1_reqBody_messageCode'",
                    "clientTxnId": "'api1_reqBody_clientTxnId'",
                    "requestDateTime": "'api1_reqBody_requestDateTime'",
                    "urn": "api1_reqBody_urn",
                    "transactionAmount": "api1_reqBody_transactionAmount",
                    "sender": "'api1_reqBody_sender'",
                    "loadCurrency": "'api1_reqBody_loadCurrency'",
                    "sourceType": "api1_reqBody_sourceType",
                    "sourceAccount": "'api1_reqBody_sourceAccount'",
                    "originalClientTxnId": "'api1_reqBody_originalClientTxnId'",
                    "implId": "'api1_reqBody_implId'",
                    "implType": "'api1_reqBody_implType'",
                    "refundFileId": "'api1_reqBody_refundFileId'",
                    "fundFlowType": "'api1_reqBody_fundFlowType'"
                }
			},
			"verify": {
				"status": "api1_res_status",
				"body": {
					"data": {
                        "token": "'api1_resBody_token'"
                    }
				}
			}
		},
		{
			"name": "'api2_name'",
			"url": "'api2_url'",
			"method": "'api2_method'",
			"request": {
                "headers":{
                    "Content-Type": "'api2_reqHeader_contentType'",
                    "x-api-key": "'api2_reqHeader_x-api-key'",
                    "clientId": "'api2_reqHeader_clientId'",
                    "bankId": "'api2_reqHeader_bankId'",
                    "secureCode": "'api2_reqHeader_secureCode'"
                },
				"body": {
                    "token": "${$.api1_name.response.body.data.token}"
                }
			},
			"verify": {
				"status": "api2_res_status",
				"body": {
					"data": {
                        "token":  "'api2_resBody_token'"
                    }
				}
			}
		},
        {
			"name": "'api3_name'",
			"url": "'api3_url'",
			"method": "'api3_method'",
			"request": {
                "headers":{
                    "Content-Type": "'api3_reqHeader_contentType'",
                    "x-api-key": "'api3_reqHeader_x-api-key'"  
                },
				"body": {
                    "token": "${$.api2_name.response.body.data.token}"
                }
			},
			"verify": {
				"status": "api3_res_status",
				"body": {
					"data": {
                        "urn": "api3_resBody_urn",
                        "customerId": "'api3_resBody_customerId'",
                        "responseCode": "'api3_resBody_responseCode'",
                        "messageCode": "api3_resBody_messageCode",
                        "clientTxnId": "'api3_resBody_clientTxnId'",
                        "clientId": "'api3_resBody_clientId'",
                        "responseDateTime": "'api3_resBody_responseDateTime'",
                        "accosaTransactionId": "api3_resBody_accosaTransactionId",
                        "responseMessage": "'api3_resBody_responseMessage'",
                        "bankId": "api3_resBody_bankId",
                        "accosaRefNo": "'api3_resBody_accosaRefNo'",
                        "availableBalance": "api3_resBody_availableBalance",
                        "availableCashLimit": "api3_resBody_availableCashLimit",
                        "transactionAmount": "api3_resBody_transactionAmount"
                    }
				}
			}
		}
	]
}