{
	"scenarioName": "'scenario_name'",
	"steps": [
        {
			"name": "'api1_name'",
			"url": "'api1_url'",
			"method": "'api1_method'",
			"request": {
                "headers":{
                    "Content-Type": "'contentType'",
                    "x-api-key": "'x-api-key'"
                },
				"body": {
                    "messageCode": "'api1_messageCode'",
                    "clientTxnId": "'api1_clientTxnId'",
                    "requestDateTime": "'api1_requestDateTime'",
					"productId": "'api1_productId'",
					"firstName": "'api1_firstName' ",
					"lastName": "'api1_lastName'",
					"mobile": "'api1_mobile'",
					"customerId": "'api1_customerId'",
					"dateOfBirth": "'api1_dateOfBirth'",
					"cardProfileId": "'api1_cardProfileId'",
					"sourceAccountType": "api1_sourceAccountType",
					"docList": [
						{
							"docType": "'api1_docList1_docType'",
							"docCountry": "'api1_docList1_docCountry'",
							"docExpiry": "'api1_docList1_docExpiry'",
							"docNumber": "'api1_docList1_docNumber'",
							"cKycDocNo": "'api1_docList1_cKycDocNo'",
							"docConsent": "'api1_docList1_docConsent'"
						},
						{
							"docType": "'api1_docList2_docType'",
							"docCountry": "'api1_docList2_docCountry'",
							"docExpiry": "'api1_docList2_docExpiry'",
							"docNumber": "'api1_docList2_docNumber'",
							"cKycDocNo": "'api1_docList2_cKycDocNo'",
							"docConsent": "'api1_docList2_docConsent'"
						},
						{
							"docType": "'api1_docList3_docType'",
							"docCountry": "'api1_docList3_docCountry'",
							"docExpiry": "'api1_docList3_docExpiry'",
							"docNumber": "'api1_docList3_docNumber'",
							"cKycDocNo": "'api1_docList3_cKycDocNo'",
							"docConsent": "'api1_docList3_docConsent'"
						},
						{
							"docType": "'api1_docList4_docType'",
							"docCountry": "'api1_docList4_docCountry'",
							"docExpiry": "'api1_docList4_docExpiry'",
							"docNumber": "'api1_docList4_docNumber'",
							"cKycDocNo": "'api1_docList4_cKycDocNo'",
							"docConsent": "'api1_docList4_docConsent'"
						},
						{
							"docType": "'api1_docList5_docType'",
							"docCountry": "'api1_docList5_docCountry'",
							"docExpiry": "'api1_docList5_docExpiry'",
							"docNumber": "'api1_docList5_docNumber'",
							"cKycDocNo": "'api1_docList5_cKycDocNo'",
							"docConsent": "'api1_docList5_docConsent'"
						}
					],
					"newCardStatus": "'api1_newCardStatus'",
					"loadAmount": "'api1_loadAmount'",
					"eventid": "api1_eventid"
				}
			},
			"verify": {
				"status": "api1_response_status"
			}	
		},
		{
			"name": "'api2_name'",
			"url": "'api2_url'",
			"method": "'api2_method'",
			"request": {
                "headers":{
                    "Content-Type": "'contentType'",
                    "x-api-key": "'x-api-key'",
                    "clientId":"'clientId'",
                    "bankId":"'bankId'",
                    "secureCode":"'secureCode'",
                    "entityId":"'entityId'"
                },
				"body": {
                    "token": "${$.api1_name.response.body.token}"
				}
			},
			"verify": {
				"status": "api2_response_status"
			}	
		},
        {
			"name": "'api3_name'",
			"url": "'api3_url'",
			"method": "'api3_method'",
			"request": {
                "headers":{
                    "Content-Type": "'contentType'",
                    "x-api-key": "'x-api-key'"
                },
				"body": {
                    "token": "${$.api2_name.response.body.token}"
				}
			},
			"verify": {
				"status": "api3_response_status",
                "body": {                
                    "responseCode": "'api3_response_response_code'",
                    "responseMessage": "'api3_response_response_message'"                
                }			
			}	
		}
	]
}