<?xml version="1.0" encoding="UTF-8"?>
<!DOCTYPE suite SYSTEM "http://testng.org/testng-1.0.dtd">
<suite name="Regression">
<listeners>
  <listener class-name="utilities.MyListener"></listener>
  </listeners>
  <test name="myRegression">
    <classes>
      <class name="regressionSuite.CopyOfActivationAPI_Test"/>
      <class name="regressionSuite.CopyOfReLoadAPI_Test"/>
      <class name="regressionSuite.CopyUnloadAPI_Test"/>
      <class name="regressionSuite.CopyOfBlockAPI_Test"/>
      <class name="regressionSuite.CopyUnblockAPI_Test"/>
      <class name="regressionSuite.CopyCardInquiryAPI_Test"/>
    </classes>
  </test> <!-- myRegression -->
</suite> <!-- Regression -->
