<?xml version="1.0" encoding="UTF-8"?>
<!DOCTYPE suite SYSTEM "http://testng.org/testng-1.0.dtd">
<suite name="SmokeTest" >
<parameter name="blockType" value="Custom"/>
 <test name="API&#039;s">
    <classes>
      <class name="restAPIPackage.ActivationAPI_Test"/>
      <class name="restAPIPackage.ReLoadAPI_Test"/>
      <class name="restAPIPackage.UnloadAPI_Test"/>
      <class name="restAPIPackage.CardInquiryAPI_Test"/>
      <class name="restAPIPackage.BlockAPI_Test"/>
      <class name="restAPIPackage.UnblockAPI_Test"/>
      <class name="restAPIPackage.TransactionDetailsAPI_Test"/>
      <class name="restAPIPackage.CardHolderUpdateProfileAPI_Test"/>
      <class name="restAPIPackage.AMLInquriyAPI_Test"/>
      <class name="restAPIPackage.WalletStatmentInquiry_Test"/>
    </classes>
  </test> <!-- API's -->
</suite> <!-- SmokeTest -->
