{
	"scenarioName": "'scenario_name'",
	"steps": [
        {
			"name": "'api1_name'",
			"url": "'api1_url'",
			"method": "'api1_method'",
			"request": {
                "headers":{
                    "Content-Type": "'contentType'",
                    "x-api-key": "'x-api-key'",
					"clientId":"'clientId'",
                    "bankId":"'bankId'"
                }
			},
			"verify": {
				"status": "api1_response_status"
			}	
		},
        {
			"name": "'api2_name'",
			"url": "'api2_url'",
			"method": "'api2_method'",
			"request": {
                "headers":{
                    "Content-Type": "'contentType'",
                    "x-api-key": "'x-api-key'"
                },
				"body": {
                    "token": "${$.api1_name.response.body.token}"
				}
			},
			"verify": {
				"status": "api2_response_status",
                "body": {                
                    "responseCode": "'api2_response_response_code'",
                    "responseMessage": "'api2_response_response_message'",					
					"status": "api2_response_body_status",
					"message": "'api2_response_body_message'"                
                }			
			}	
		}
	]
}