{
	"scenarioName": "'scenario_name'",
	"steps": [
        {
			"name": "'api1_name'",
			"url": "'api1_url'",
			"method": "'api1_method'",
			"request": {
                "headers":{
                    "Content-Type": "'contentType'",
                    "x-api-key": "'x-api-key'"
                },
				"body": {
                    "messageCode": "'api1_messageCode'",
                    "clientTxnId": "'api1_clientTxnId'",
                    "requestDateTime": "'api1_requestDateTime'",
					"entityType": "'api1_entityType'",
					"noOfCards": "'api1_noOfCards'",
					"productId": "'api1_productId'",
					"requestorId": "'api1_requestorId'",
					"requestorContact": "'api1_requestorContact'",
					"cardType": "'api1_cardType'",
					"persoVendor": "'api1_persoVendor'",
					"persoTemplate": "'api1_persoTemplate'",
					"comments": "'api1_comments'",
					"deliveryAddress": {
						"address1": "'api1_deliveryAddress_address1'",
						"address2": "'api1_deliveryAddress_address2'",
						"city": "'api1_deliveryAddress_city'",
						"state": "'api1_deliveryAddress_state'",
						"country": "'api1_deliveryAddress_country'"
					},
					"rtoAddress": {
						"address1": "'api1_rtoAddress_address1'",
						"address2": "'api1_rtoAddress_address2'",
						"city": "'api1_rtoAddress_city'",
						"state": "'api1_rtoAddress_state'",
						"country": "'api1_rtoAddress_country'"
					},
					"reservedField1": "'api1_reservedField1'",
					"reservedField2": "'api1_reservedField2'"
				}
			},
			"verify": {
				"status": "api1_response_status"
			}	
		},
		{
			"name": "'api2_name'",
			"url": "'api2_url'",
			"method": "'api2_method'",
			"request": {
                "headers":{
                    "Content-Type": "'contentType'",
                    "x-api-key": "'x-api-key'",
                    "clientId":"'clientId'",
                    "bankId":"'bankId'",
                    "secureCode":"'secureCode'",
                    "entityId":"'entityId'",
                    "X-Consumer-Custom-ID":"'X_Consumer_Custom_ID'"
                },
				"body": {
                    "token": "${$.api1_name.response.body.token}"
				}
			},
			"verify": {
				"status": "api2_response_status"
			}	
		},
        {
			"name": "'api3_name'",
			"url": "'api3_url'",
			"method": "'api3_method'",
			"request": {
                "headers":{
                    "Content-Type": "'contentType'",
                    "x-api-key": "'x-api-key'"
                },
				"body": {
                    "token": "${$.api2_name.response.body.token}"
				}
			},
			"verify": {
				"status": "api3_response_status",
                "body": {                
                    "responseCode": "'api3_response_response_code'",
                    "responseMessage": "'api3_response_response_message'"                
                }			
			}	
		}
	]
}