{
	"scenarioName": "'scenario_name'",
	"steps": [
        {
			"name": "'api1_name'",
			"url": "'api1_url'",
			"method": "'api1_method'",
			"request": {
                "headers":{
                    "Content-Type": "'contentType'",
                    "x-api-key": "'x-api-key'"
                },
				"body": {
                    "messageCode": "'api1_messageCode'",
                    "clientTxnId": "'api1_clientTxnId'",
                    "requestDateTime": "'api1_requestDateTime'",
                    "urn": "'api1_urn'",
                    "transactionAmount": "'api1_transactionAmount'",
                    "sender": "'api1_sender'",
                    "reciver": "'api1_reciver'",
                    "loadCurrency": "'api1_loadCurrency'",
                    "sourceType": "'api1_sourceType'",
                    "account_number": "'api1_account_number'",
                    "subWalletId": "'api1_subWalletId'",
                    "sourceAccount": "'api1_sourceAccount'",
                	"originalClientTxnId": "'api1_originalClientTxnId'",
                    "implId":	"'api1_implId'",
                    "implType": "'api1_implType'",
                    "refundFileId": "'api1_refundFileId'",
                    "fundFlowType": "'api1_fundFlowType'",
                    "fee": "'api1_fee'",
                    "customerMobile": "'api1_customerMobile'",
                    "customerId": "'api1_customerId'",
                    "pgNo":	"'api1_pgNo'",
                    "orderId": "'api1_orderId'",
                    "mcc": "'api1_mcc'",
                    "acceptorNameLocation": "'api1_acceptorNameLocation'",
                    "acceptorMerchantId": "'api1_acceptorMerchantId'",
                    "acceptorTerminalId": "'api1_acceptorTerminalId'",
                    "remarks": "'api1_remarks'",
                	"refundOriginalFee": "'api1_refundOriginalFee'",
                    "refundOriginalFeeAmount":	"'api1_refundOriginalFeeAmount'"
				}
			},
			"verify": {
				"status": "api1_response_status"
			}	
		},
		{
			"name": "'api2_name'",
			"url": "'api2_url'",
			"method": "'api2_method'",
			"request": {
                "headers":{
                    "Content-Type": "'contentType'",
                    "x-api-key": "'x-api-key'",
                    "clientId":"'clientId'",
                    "bankId":"'bankId'",
                    "secureCode":"'secureCode'",
                    "entityId":"'entityId'",
                    "X-Consumer-Custom-ID":"'X_Consumer_Custom_ID'"
                },
				"body": {
                    "token": "${$.api1_name.response.body.token}"
				}
			},
			"verify": {
				"status": "api2_response_status"
			}	
		},
        {
			"name": "'api3_name'",
			"url": "'api3_url'",
			"method": "'api3_method'",
			"request": {
                "headers":{
                    "Content-Type": "'contentType'",
                    "x-api-key": "'x-api-key'"
                },
				"body": {
                    "token": "${$.api2_name.response.body.token}"
				}
			},
			"verify": {
				"status": "api3_response_status",
                "body": {                
                    "responseCode": "'api3_response_response_code'",
                    "responseMessage": "'api3_response_response_message'"                
                }			
			}	
		}
	]
}