<?xml version="1.0" encoding="UTF-8"?>
<!DOCTYPE suite SYSTEM "http://testng.org/testng-1.0.dtd">
<suite thread-count="2" verbose="1" name="BEPG-TestSuite" parallel="tests">

	<suite-files>
		<!-- 1.0, 2.0, NPA, DAF, IVR  -->
		<suite-file path="./PlatformTestingBank_8055_E2ESanity_TestSuite.xml"></suite-file>
		
		<!--  BEPG Rupay -->
		<suite-file path="./BEPG_TestSuite.xml" />		
		
		<!-- Rupay Redirectional -->
		<suite-file path="./Karnataka_Rupay_4131_E2E_Sanity_TestSuite.xml"></suite-file>
		
		<!-- Admin -->		
		<suite-file path="./E2E_Regression_TestSuite.xml"></suite-file>
		
		<!-- Expresspay 2.0 -->
		<suite-file path="./ExpresPay_TestSuite.xml"></suite-file>
		
		<!-- ICCP Test Suite -->
		<suite-file path="./ICICI_9114_ICCP_E2E_Sanity_TestSuit.xml"></suite-file>
	</suite-files>
 
</suite> <!-- Suite -->