<?xml version="1.0" encoding="UTF-8"?>
<!DOCTYPE suite SYSTEM "http://testng.org/testng-1.0.dtd">
<suite name="ACS2.0-ALM Sanity Execution">
 
	<parameter name="browser-name" value="chrome" />
	<parameter name="operating-system" value="windows" />

	
	<parameter name="OnBoradingXlFileName" value="NewBankOnboarding.xlsx" />
	<parameter name="XlFileName" value="ALM_8234_TestData.xlsx" />
	<parameter name="Txn1_0SheetName" value="Txn1_0" />
	<parameter name="Txn2_0SheetName" value="Txn2_0" />
	<parameter name="ACSTxn1_0SheetName" value="ACSTxn1_0" />
	<parameter name="ACSTxn2_0SheetName" value="ACSTxn2_0" />
	<parameter name="TridentTxn1_0SheetName" value="TridentTxn1_0" />
	<parameter name="TridentTxn2_0SheetName" value="TridentTxn2_0" />
	<parameter name="ThreeDSSTxn2_0SheetName" value="ThreeDSSTxn2_0" />
	<parameter name="ENV" value="UAT1" />

	<listeners>
		<listener class-name="com.acs.libraries.TestListenerAdapter" />
		<listener class-name="com.acs.utils.TestNGResultListener" />
	</listeners>
	 
	<test name="ACS and 3DSS Transaction Flow TestSuite">
		<classes>
			<class name="com.acs.testcases.AuthenticationFlowTest" />
		</classes>
	</test>
	
	<test name="Admin ACS Txn Fetch Verification TestSuite">
		<classes>
			<class name="com.uam.testcases.ACSTxnVerification" />
		</classes>
	</test>	
	
	<test name="Admin ACS Txn Alert Verification TestSuite">
		<classes>
			<class name="com.uam.testcases.ACSTxnAlertReportVerification" >
				<methods>
					<include name="IVSTxnAlertVerification" />
				</methods>
			</class>			
		</classes>
	</test>
	
	<test name="ALM-8234 Manage Block Card TestSuite">
		<classes>
			<class name="com.uam.testcases.ManageBlockCard">
				<methods>
					<include name="ValidatingCard" />
				</methods>
			</class>
		</classes>
	</test>
		
	<!-- <test name="Admin 3DSS Txn Fetch Verification TestSuite">
		<classes>
			<class name="com.uam.testcases.ThreeDSTxnVerification" />
		</classes>
	</test>
	
 	<test name="Trident ACS Txn Fetch Verification TestSuite">
		<classes>
			<class name="com.trident.testcases.TridentTxnVerification" />
		</classes>
	</test> -->

<!--	
	<test name="ACS and 3DSS Transaction Flow TestSuite">
		<classes>
			<class name="com.acs.testcases.V9PGAuthenticationFlowTest" />
		</classes>
	</test>
	<test name="Admin ACS Txn Fetch Verification TestSuite">
		<classes>
			<class name="com.uam.testcases.ACSTxnVerification" />
		</classes>
	</test>
 	
	<test name="Admin 3DSS Txn Fetch Verification TestSuite">
		<classes>
			<class name="com.uam.testcases.ThreeDSTxnVerification" />
		</classes>
	</test>
	
	<test name="Trident ACS Txn Fetch Verification TestSuite">
		<classes>
			<class name="com.trident.testcases.TridentTxnVerification" />
		</classes>
	</test>
 -->
<!-- 
	 <test name="ACS2.0 Transaction flow TestSuite"> <classes> <class name="com.acs.testcases.AuthenticationFlowTest"/> 
		<class name="com.acs.testcases.AuthenticationFlowTest"/> <class name="com.acs.testcases.AddCardDetails"/> 
		<class name="com.uam.testcases.LoginPageVerification"/> <class name="com.uam.testcases.ACSTxnVerification"/> 
		<class name="com.uam.testcases.ThreeDSTxnVerification"/> <class name="com.uam.testcases.AdminHomePageVerification"/> 
		<class name="com.trident.testcases.TridentTxnVerification"/> </classes> </test> -->

</suite> <!-- Suite -->