<?xml version="1.0" encoding="UTF-8"?>
<!DOCTYPE suite SYSTEM "http://testng.org/testng-1.0.dtd">
<suite name="AUSF Bank ACS1.0-TestSuite">

	<parameter name="browser-name" value="chrome" />
	<parameter name="operating-system" value="windows" />
	<parameter name="OnBoradingXlFileName" value="NewBankOnboarding.xlsx" />
	<parameter name="XlFileName" value="AUSF_8527_TestData.xlsx" />
	<parameter name="Txn1_0SheetName" value="Txn1_0" />
	<parameter name="Txn2_0SheetName" value="Txn2_0" />
	<parameter name="ACSTxn1_0SheetName" value="ACSTxn1_0" />
	<parameter name="ACSTxn2_0SheetName" value="ACSTxn2_0" />
	<parameter name="TridentTxn1_0SheetName" value="TridentTxn1_0" />
	<parameter name="TridentTxn2_0SheetName" value="TridentTxn2_0" />
	<parameter name="ThreeDSSTxn2_0SheetName" value="ThreeDSSTxn2_0" />
	<parameter name="ENV" value="UAT" />

	<listeners>
		<listener class-name="com.acs.libraries.TestListenerAdapter" />
		<listener class-name="com.acs.utils.TestNGResultListener" />
	</listeners>
	
	<!-- <test name="ACS 2.0 and 3DSS Transaction Flow TestSuite">
		<classes>
			<class name="com.acs.testcases.AUSFAuthenticationFlowTest" />
		</classes>
	</test>
	
	<test name="2.0 Manage Block Card TestSuite After">

		<classes>
			<class name="com.uam.testcases.ManageBlockCard">
				<methods>
					<include name="ValidatingCard" />

				</methods>
			</class>
		</classes>
	</test> -->
	
	<test name="Admin ACS 2.0 Txn Fetch Verification TestSuite">
		<classes>
			<class name="com.uam.testcases.ACSTxnVerification" />
		</classes>
	</test>	

	<test name="ACS 1.0 Transaction Flow TestSuite">
		<classes>
			<class name="com.acs.testcases.AUSFMpiFlowTest" />
		</classes>
	</test>
	
	 <test name="1.0 Manage Block Card TestSuite After">

		<classes>
			<class name="com.uam.testcases.ManageBlockCard">
				<methods>
					<include name="ValidatingCard" />

				</methods>
			</class>
		</classes>
	</test>
	
	<test name="Admin 1.0 ACS Txn Fetch Verification TestSuite">
		<classes>
			<class name="com.uam.testcases.ACSTxn1_0Verification" />
		</classes>
	</test> 
	
	<!--  1.0 and 2.0 Alert Verification -->
	<test name="Admin ACS 1.0 and 2.0 Txn Alert Verification TestSuite">
		<classes>
			<class name="com.uam.testcases.ACSTxnAlertReportVerification" >
				<methods>
					<include name="IVSTxnAlertVerification" />
					<include name="MPIAlertVerification" />
				</methods>
			</class>			
		</classes>
	</test>

	<!-- <test name="Trident 1.0 Txn fetch Verification TestSuite"> <classes> 
		<class name="com.trident.testcases.TridentTxn1_0Verification" /> </classes> 
		</test> -->





</suite> <!-- Suite -->