<?xml version="1.0" encoding="UTF-8"?>
<!DOCTYPE suite SYSTEM "http://testng.org/testng-1.0.dtd">
<suite thread-count="4" verbose="1" name="ACS2.0-TestSuite" >

	<parameter name="browser-name" value="chrome" />
	<parameter name="operating-system" value="linux" />
	<parameter name="OnBoradingXlFileName"
		value="NewBankOnboarding.xlsx" />
	<parameter name="XlFileName"
		value="TestDataFileForExecution.xlsx" />
	<parameter name="Txn1_0SheetName" value="Txn1_0" />
	<parameter name="Txn2_0SheetName" value="Txn2_0" />
	<parameter name="ACSTxn1_0SheetName" value="ACSTxn1_0" />
	<parameter name="ACSTxn2_0SheetName" value="ACSTxn2_0" />
	<parameter name="TridentTxn1_0SheetName"
		value="TridentTxn1_0" />
	<parameter name="TridentTxn2_0SheetName"
		value="TridentTxn2_0" />
	<parameter name="ThreeDSSTxn2_0SheetName"
		value="ThreeDSSTxn2_0" />
	<parameter name="ENV" value="DCS" />

	<listeners>
		<listener class-name="com.acs.libraries.TestListenerAdapter" />
		<listener class-name="com.acs.utils.TestNGResultListener" />
	</listeners>

	<!-- ********* Operations ************ -->
	<test name="ACS  Transaction Report TestSuite">
		<classes>
			<class name="com.uam.testcases.ACSTransactionReport">
				<methods>
					<exclude name="AdvancedACSTxnReport"></exclude>
				</methods>
			</class>
		</classes>
	</test>

	<test name="Manage Block Card TestSuite">
		<classes>
			<class name="com.uam.testcases.ManageBlockCard" />
		</classes>
	</test>
	
	<test name="Manage Error Codes TestSuite">
		<classes>
			<class name="com.uam.testcases.ErrorCodeListScreenAdmin" />
		</classes>
	</test>

	<!-- ********UAM ******** -->

	<!-- Manage User Module -->
	<test name="ManageUser">
		<classes>
			<class name="com.uam.testcases.ManageUser" />
		</classes>
	</test>
	<test name="Manage Card Holder details TestSuite">
		<classes>
			<class name="com.uam.testcases.CardHolderDetails" />
		</classes>
	</test>
	<!-- Manage Bank Module -->
	<test name="ManageBank">
		<classes>
			<class name="com.uam.testcases.CreateBank" />
		</classes>
	</test>
	<test name="ManageGroup">
		<classes>
			<class name="com.uam.testcases.ManageGroup" />
		</classes>
	</test>
	
	<test name="ACS Advanced Search Transaction Report TestSuite">
		<classes>
			<class name="com.uam.testcases.ACSTransactionReport">
				<methods>
					<include name="AdvancedACSTxnReport"></include>
				</methods>
			</class>
		</classes>
	</test>

	<test name="Valid Username and password TestSuite">
		<classes>
			<class name="com.uam.testcases.AdminLoginValidation" />
		</classes>
	</test>
	
	<test name="Audit for OTP TestSuite">
		<classes>
			<class name="com.uam.testcases.AuditForOtp" />
		</classes>
	</test>
	
	



	<!--  -->

	<!-- <test name="ACS SMS MIS Report TestSuite"> <classes> <class name="com.uam.testcases.AcsSmsMis" 
		/> </classes> </test> -->

	<!-- <test name="ACS Transaction MIS Flow TestSuite"> <classes> <class name="com.uam.testcases.AcsTransactionMIS" 
		/> </classes> </test> -->
	<!-- <test name="ACS MDD Report TestSuite"> <classes> <class name="com.uam.testcases.ACSMDDReport" 
		/> </classes> </test> <test name="ACS Alert Repot Transaction Flow TestSuite"> 
		<classes> <class name="com.uam.testcases.AlertReport" /> </classes> </test> 
		<test name="Transaction verification for Registerd Cards"> <classes> <class 
		name="com.uam.testcases.CardHolderTxnVerification" /> </classes> </test> 
		<test name="ACS Audit trial by Card TestSuite"> <classes> 
		<class name="com.uam.testcases.AuditTrailByCard" /> </classes> </test> <test 
		name="ACS AuditTrial TestSuite"> <classes> <class name="com.uam.testcases.AuditTrialVerification" 
		/> </classes> </test> <test name="Unblocked Cards Transactions TestSuite"> 
		<classes> <class name="com.acs.testcases.UnBlockedAuthenticationFlowTest" 
		/> </classes> </test> -->

	<!-- New OnBoarding Suite -->
	<!-- <test name="New OnBoarding Bank"> <classes> <class name="com.uam.testcases.NewOnboarding"> 
		<methods> <exclude name="CreateSchema" /> <exclude name="ManageBins" /> </methods> 
		</class> </classes> </test> <test name="New OnBoarding Checker"> <classes> 
		<class name="com.uam.testcases.OnBoardingChecker"> <methods> <exclude name="ApproveBin" 
		/> </methods> </class> </classes> </test> -->

	<!-- <test name="New OnBoarding Bank Create Schema and Manage Bin"> <classes> 
		<class name="com.uam.testcases.NewOnboarding"> <methods> <include name="NavigateToOnboardPage" 
		/> <include name="CreateSchema" /> <include name="ManageBins" /> </methods> 
		</class> </classes> </test> <test name="New OnBoarding Checker for approving 
		Bin"> <classes> <class name="com.uam.testcases.OnBoardingChecker"> <methods> 
		<exclude name="ApproveConfiguration" /> </methods> </class> </classes> </test> -->
	<!-- Manage RBA Rule Creation Module -->

	<!-- <test name="CreateRbaRule"> <classes> <class name="com.uam.testcases.CreateRbaRule" 
		/> </classes> </test> -->
	<!-- <test name="ManageRbaTransaction"> <classes> <class name="com.uam.testcases.ManageRbaTransaction" 
		/> </classes> </test> -->

	<!-- <test name="ManageRbaAdminValidation"> <classes> <class name="com.uam.testcases.ManageRbaAdminValidation" 
		/> </classes> </test> <test name="ManageRbaConfig"> <classes> <class name="com.uam.testcases.ManageRbaConfig" 
		/> </classes> </test> -->





	<!-- <test name="ACSClusterConfiguration"> <classes> <class name="com.uam.testcases.ACSClusterConfiguration" 
		/> </classes> </test> <test name="ManageGroup"> <classes> <class name="com.uam.testcases.ManageGroup" 
		/> </classes> </test> <test name="Customer Data Upload"> <classes> <class 
		name="com.uam.testcases.CustomerDataUpload" /> </classes> </test> <test name="Secure 
		File Upload Validation"> <classes> <class name="com.uam.testcases.SecureFileUploadVerification" 
		/> </classes> </test> <test name="ACS DashBoard Report Verification TestSuite"> 
		<classes> <class name="com.uam.testcases.ACSDashBoardVerification" /> </classes> 
		</test> <test name="Forgot password"> <classes> <class name="com.uam.testcases.ForgotPasswordVerification" 
		/> </classes> </test> <test name="Language Selection and field verification"> 
		<classes> <class name="com.uam.testcases.SelectLanguageFieldVerfication" 
		/> </classes> </test> <test name="2fa Validation"> <classes> <class name="com.uam.testcases.TwoFactorAuthVerification"/> 
		</classes> </test> -->

	<!-- Manage User Module -->
	<!-- <test name="View"> <classes> <class name="com.uam.testcases.ViewPermissionVerification" 
		/> <class name="com.uam.testcases.ViewClearPermissionVerification" /> <class 
		name="com.uam.testcases.ManagePermissionVerification" /> </classes> </test> -->
	<!-- <test name="View Clear"> <classes> <class name="com.uam.testcases.ViewClearPermissionVerification" 
		/> </classes> </test> <test name="Manage"> <classes> <class name="com.uam.testcases.ManagePermissionVerification" 
		/> </classes> </test> -->
</suite> <!-- Suite -->