<?xml version="1.0" encoding="UTF-8"?>
<!DOCTYPE suite SYSTEM "http://testng.org/testng-1.0.dtd">
<suite name="Express Pay ACS1.0 and 2.0 -TestSuite">

	<parameter name="browser-name" value="chrome" />
	<parameter name="operating-system" value="linux" />
	<parameter name="OnBoradingXlFileName"
		value="NewBankOnboarding.xlsx" />
	<parameter name="XlFileName"
		value="ExpressPay_Authentication_TestData.xlsx" />
	<parameter name="Txn1_0SheetName" value="Txn1_0" />
	<parameter name="Txn2_0SheetName" value="Txn2_0" />
	<parameter name="ACSTxn1_0SheetName" value="ACSTxn1_0" />
	<parameter name="ACSTxn2_0SheetName" value="ACSTxn2_0" />
	<parameter name="TridentTxn1_0SheetName"
		value="TridentTxn1_0" />
	<parameter name="TridentTxn2_0SheetName"
		value="TridentTxn2_0" />
	<parameter name="ThreeDSSTxn2_0SheetName"
		value="ThreeDSSTxn2_0" />
	<parameter name="ENV" value="DCS" />


	<listeners>
		<listener class-name="com.acs.libraries.TestListenerAdapter" />
		<listener class-name="com.acs.utils.TestNGResultListener" />
		<listener class-name="com.api.payuexpresspay.ExtentReportGenerator" />
	</listeners>
	
	<test name="PlatformTestingBank_8055 ACS 2.0 Unblock Card TestSuite">
		<classes>
			<class name="com.uam.testcases.ManageBlockCard">
				<methods>
					<include name="BlockingCard" />
				</methods>
			</class>
		</classes> 
	</test>
	
	<!-- Express Pay 1.0 -->
 
	<test name="ACS Expresspay 1.0 Transaction Flow TestSuite">
		<classes>
			<class name="com.api.payuexpresspay.ExpressPayAuthenticationFlow" >
					<methods>
						<include name="expressPay1AuthenticationTest" />						
					</methods>
			</class>
			
		</classes>
	</test>
	
	<test name="Admin ACS Express Pay 1.0 Txn Fetch Verification TestSuite">
		<classes>
			<class name="com.uam.testcases.ACSTxn1_0_ExpressPayVerification" />
		</classes>
	</test>
	
	<!-- Express Pay 2.0 -->
	
	<test name="ACS Expresspay 2.0 Transaction Flow TestSuite">
		<classes>
			<class name="com.api.payuexpresspay.ExpressPayAuthenticationFlow" >
					<methods>
						<include name="expressPay2AuthenticationTest" />						
					</methods>
			</class>
		</classes>
	</test>
	
	<test name="Admin ACS Express Pay 2.0 Txn Fetch Verification TestSuite">
		<classes>
			<class name="com.uam.testcases.ACSTxn2_0_ExpressPayVerification" />
		</classes>
	</test>

</suite> <!-- Suite -->