<?xml version="1.0" encoding="UTF-8"?>
<!DOCTYPE suite SYSTEM "http://testng.org/testng-1.0.dtd">
<suite name="HDFC_8888_E2FA ACS-TestSuite">

	<parameter name="browser-name" value="chrome" />	
	<parameter name="operating-system" value="linux" />
	<parameter name="OnBoradingXlFileName" value="NewBankOnboarding.xlsx" />
	<parameter name="XlFileName" value="E2FA_HDFCBank_8888_TestData.xlsx" />
	<parameter name="Txn1_0SheetName" value="Txn1_0" />
	<parameter name="Txn2_0SheetName" value="Txn2_0" />
	<parameter name="OTPDetails1_0" value="OTPDetails1_0" />
	<parameter name="OTPDetails2_0" value="OTPDetails2_0" />
	<parameter name="ACSTxn1_0SheetName" value="ACSTxn1_0" />
	<parameter name="ACSTxn2_0SheetName" value="ACSTxn2_0" />
	<parameter name="TridentTxn1_0SheetName" value="TridentTxn1_0" />
	<parameter name="TridentTxn2_0SheetName" value="TridentTxn2_0" />
	<parameter name="ThreeDSSTxn2_0SheetName" value="ThreeDSSTxn2_0" />
	<parameter name="ENV" value="DCS" />

	<listeners>
		<listener class-name="com.acs.libraries.TestListenerAdapter" />
		<listener class-name="com.acs.utils.TestNGResultListener" />
	</listeners>	

	
	<!-- E2FA test Suite -->	  
	
	 <test name="HDFC_8888 E2FA ACS 2.0 Transaction Flow TestSuite">
		 <classes>
			<class
				name="com.acs.testcases.E2FAAuthenticationFlowTest" />
		</classes>
	</test>	
	
	
	<!-- Transaction verification for 1.0 and 2.0 -->
	
	<test name="HDFC_8888 Admin 2.0 E2FA ACS Txn Fetch Verification TestSuite">
		<classes>
			<class name="com.uam.testcases.ACSTxnVerification" />
		</classes>
	</test>	
	
	
</suite> <!-- Suite -->