<?xml version="1.0" encoding="UTF-8"?>
<!DOCTYPE suite SYSTEM "http://testng.org/testng-1.0.dtd">
<suite name="ICICI Virtual Card ICCP Execution">
 
	<parameter name="browser-name" value="chrome" />
	<parameter name="operating-system" value="Windows" />	
	<parameter name="OnBoradingXlFileName" value="NewBankOnboarding.xlsx" />
	<parameter name="XlFileName" value="ICICI_ICCP_9114_TestData.xlsx" />
	<parameter name="Txn1_0SheetName" value="Txn1_0" />
	<parameter name="Txn2_0SheetName" value="Txn2_0" />
	<parameter name="ACSTxn1_0SheetName" value="ACSTxn1_0" />
	<parameter name="ACSTxn2_0SheetName" value="ACSTxn2_0" />
	<parameter name="TridentTxn1_0SheetName" value="TridentTxn1_0" />
	<parameter name="TridentTxn2_0SheetName" value="TridentTxn2_0" />
	<parameter name="ThreeDSSTxn2_0SheetName" value="ThreeDSSTxn2_0" />
	<parameter name="ENV" value="UAT1" />

	<listeners>
		<listener class-name="com.acs.libraries.TestListenerAdapter" />
		<listener class-name="com.acs.utils.TestNGResultListener" />
	</listeners>
	
	<test name="ICIC Virtual Card-9114 Manage Block Card TestSuite">
		<classes>
			<class name="com.uam.testcases.ManageVirtualBlockCard">
				<methods>
					<include name="ValidatingCard" />
				</methods>
			</class>
		</classes>
	</test>
	 
	<test name="ACS ICCP Transaction Flow TestSuite">
		<classes>
			<class name="com.acs.testcases.ICCPAuthenticationFlowTest" />
		</classes>
	</test> 
	
	<test name="Admin ACS ICCP Txn Fetch Verification TestSuite">
		<classes>
			<class name="com.uam.testcases.ACSTxnVerification" />
		</classes>
	</test>		
	
	

</suite> <!-- Suite -->