<?xml version="1.0" encoding="UTF-8"?>
<!DOCTYPE suite SYSTEM "http://testng.org/testng-1.0.dtd">
<suite name="Karnataka Rupay Bank-4131 Rupay Redirection Flow-TestSuite">

	<!-- env uat1xm -->
	<parameter name="browser-name" value="chrome" />
	<parameter name="operating-system" value="linux" />
	<parameter name="OnBoradingXlFileName"
		value="NewBankOnboarding.xlsx" />
	<parameter name="XlFileName"
		value="Karnataka_Rupay_4131_TestData.xlsx" />
	<parameter name="Txn1_0SheetName" value="Txn1_0" />
	<parameter name="Txn2_0SheetName" value="Txn2_0" />
	<parameter name="ACSTxn1_0SheetName" value="ACSTxn1_0" />
	<parameter name="ACSTxn2_0SheetName" value="ACSTxn2_0" />
	<parameter name="TridentTxn1_0SheetName"
		value="TridentTxn1_0" />
	<parameter name="TridentTxn2_0SheetName"
		value="TridentTxn2_0" />
	<parameter name="ThreeDSSTxn2_0SheetName"
		value="ThreeDSSTxn2_0" />
	<parameter name="ENV" value="UAT1" />

	<listeners>
		<listener class-name="com.acs.libraries.TestListenerAdapter" />
		<listener class-name="com.acs.utils.TestNGResultListener" />
	</listeners>
	
	<test name="Karnataka Rupay Bank-4131 Manage Block Card TestSuite 2.0">
		<classes>
			<class name="com.uam.testcases.ManageBlockCard">
				<methods>
					<include name="ValidatingCard" />
				</methods>
			</class>
		</classes>
	</test>
	
	<test name="Karnataka Rupay Transaction Flow TestSuite">
		<classes>
			<class name="com.acs.testcases.RupayAuthenticationFlowTest" />
		</classes>
	</test>
	
	<test name="Karnataka Rupay ACS  Transaction Report TestSuite">
		<classes>
			<class name="com.uam.testcases.ACSTransactionReport">	
				<methods>
					<exclude name="AdvancedACSTxnReport" />
				</methods>
			</class>
		</classes>
	</test>
	
	<test name="Admin ACS Txn Fetch Verification TestSuite">
		<classes>
			<class name="com.uam.testcases.RupayTransactionVerification" />
		</classes>
	</test>
	
	
</suite>