<?xml version="1.0" encoding="UTF-8"?>
<!DOCTYPE suite SYSTEM "http://testng.org/testng-1.0.dtd">
<suite name="KotakDebit Bank-8117 ACS1.0-TestSuite">

	<parameter name="browser-name" value="chrome" />
	<parameter name="operating-system" value="windows" />
	<parameter name="OnBoradingXlFileName"
		value="NewBankOnboarding.xlsx" />
	<parameter name="XlFileName"
		value="KotakDebit_8117_TestData.xlsx" />
	<parameter name="Txn1_0SheetName" value="Txn1_0" />
	<parameter name="Txn2_0SheetName" value="Txn2_0" />
	<parameter name="ACSTxn1_0SheetName" value="ACSTxn1_0" />
	<parameter name="ACSTxn2_0SheetName" value="ACSTxn2_0" />
	<parameter name="TridentTxn1_0SheetName"
		value="TridentTxn1_0" />
	<parameter name="TridentTxn2_0SheetName"
		value="TridentTxn2_0" />
	<parameter name="ThreeDSSTxn2_0SheetName"
		value="ThreeDSSTxn2_0" />
	<parameter name="ENV" value="UAT1" />

	<listeners>
		<listener class-name="com.acs.libraries.TestListenerAdapter" />
		<listener class-name="com.acs.utils.TestNGResultListener" />
	</listeners>


	<test name="ACS 2.0 and 3DSS Transaction Flow TestSuite">
		<classes>
			<class name="com.acs.testcases.NewSimulatorAuthenticationFlowTest" />
		</classes>
	</test>

	 <test name="KotakDebit Bank-8117 ACS 1.0 Transaction Flow TestSuite">
		<classes>
			<class
				name="com.acs.testcases.KotakDebitMpiFlow" />
		</classes>
	</test> 
 
	  <test name="KotakDebit Bank-8117 Admin 1.0 ACS Txn Fetch Verification TestSuite">
		<classes>
			<class name="com.uam.testcases.ACSTxn1_0Verification" />
		</classes>
	</test> 
	
	<!-- <test name="Trident 1.0 Txn fetch Verification TestSuite">
		<classes>
			<class name="com.trident.testcases.TridentTxn1_0Verification" />
		</classes>
	</test> -->

	   <test name="KotakDebit Bank-8117 Manage Block Card TestSuite">

		<classes>
			<class name="com.uam.testcases.ManageBlockCard">
				<methods>
					<include name="ValidatingCard" />

				</methods> 
			</class>
		</classes>
	</test>   



</suite> <!-- Suite -->