<?xml version="1.0" encoding="UTF-8"?>
<!DOCTYPE suite SYSTEM "http://testng.org/testng-1.0.dtd">
<suite name="PlatformTestingBank_8055 ACS-TestSuite">

	<parameter name="browser-name" value="chrome" />	
	<parameter name="operating-system" value="linux" />
	<parameter name="OnBoradingXlFileName" value="NewBankOnboarding.xlsx" />
	<parameter name="XlFileName" value="PlatformTestingBank_8055_TestData.xlsx" />
	<parameter name="Txn1_0SheetName" value="Txn1_0" />
	<parameter name="Txn2_0SheetName" value="Txn2_0" />
	<parameter name="OTPDetails1_0" value="OTPDetails1_0" />
	<parameter name="OTPDetails2_0" value="OTPDetails2_0" />
	<parameter name="ACSTxn1_0SheetName" value="ACSTxn1_0" />
	<parameter name="ACSTxn2_0SheetName" value="ACSTxn2_0" />
	<parameter name="TridentTxn1_0SheetName" value="TridentTxn1_0" />
	<parameter name="TridentTxn2_0SheetName" value="TridentTxn2_0" />
	<parameter name="ThreeDSSTxn2_0SheetName" value="ThreeDSSTxn2_0" />
	<parameter name="ENV" value="DCS" />

	<listeners>
		<listener class-name="com.acs.libraries.TestListenerAdapter" />
		<listener class-name="com.acs.utils.TestNGResultListener" />
	</listeners>
	
	<!-- <test name="Testing OOB Authentication Flow TestSuite">
		<classes>
			<class
				name="com.acs.testcases.OOBAuthenticationFlowTest" />
		</classes>
	</test> -->
	

		
	
	<!-- Unblock all testing cards Tested No issues -->
	
	<test name="PlatformTestingBank_8055 ACS 2.0 Unblock Card TestSuite">
		<classes>
			<class name="com.uam.testcases.ManageBlockCard">
				<methods>
					<include name="ValidatingCard" />
				</methods>
			</class>
		</classes> 
	</test>
	

	
	
	
	<!-- 2.0 test Suite Tested No issues -->	  
	
	 <test name="PlatformTestingBank_8055 ACS 2.0 Transaction Flow TestSuite">
		 <classes>
			<class
				name="com.acs.testcases.NewSimulatorAuthenticationFlowTest" />
		</classes>
	</test>
	
	<test name="PlatformTestingBank_8055 Admin 2.0 ACS Txn Fetch Verification TestSuite">
		<classes>
			<class name="com.uam.testcases.ACSTxnVerification" />
		</classes>
	</test>
	

	
	<!-- Switchcard, CustmorFetch in Creq, CAAV7 NPA and DAF Test SUITS -->
	
	<test name="PlatformTestingBank_8055 MasterCardSmartAuth, TravelMessageExt, Switchcard, CardBasedAuth, CAAV7, NPA, DAF TestSuite">
		<classes>
			<class name="com.acs.testcases.ACSimulatorAuthenticationFlowTest" />
		</classes>
	</test>
	
	<test name="PlatformTestingBank_8055 MasterCardSmartAuth, TravelMessageExt, Switchcard, CardBasedAuth, CAAV7, NPA, DAF Txn Verification TestSuite">
		<classes>
			<class name="com.uam.testcases.ACSSimulatorTxnVerification">
				<methods>
					<include name="adminTxnVerification"></include>
				</methods>
			</class>			
		</classes>
	</test>
		
	
	<!-- 3RI Transaction Tested No issues-->
	 <test name="ACS 3RI Transaction Flow TestSuite">
		<classes>
			<class
				name="com.acs.testcases.ThreeRIAuthenticationFlowTest" />
		</classes>
	</test>
	
	<test name="PlatformTestingBank_8055 3RI Txn Verification TestSuite">
		<classes>
			<class name="com.uam.testcases.ACSSimulatorTxnVerification">
			<methods>
				<include name="threeriTxnVerification"></include>
			</methods>
			</class>			
		</classes>
	</test>
	
	
	<!-- EMI Feature Verification Tested No issues-->
	<test name="ACS EMI Transaction Flow TestSuite">
		<classes>
			<class
				name="com.acs.testcases.EMIAuthenticationFlowTest" />
		</classes>
	</test> 
	
	<test name="PlatformTestingBank_8055 EMI Txn Verification TestSuite">
		<classes>
			<class name="com.uam.testcases.ACSSimulatorTxnVerification">
			<methods>
				<include name="emiTxnVerification"></include>
			</methods>
			</class>			
		</classes>
	</test>
	
	<!-- OOB Authentication Flow Test -->
	<!-- <test name="OOB Authentication Flow TestSuite">
		<classes>
			<class
				name="com.acs.testcases.OOBAuthenticationFlowTest" />
		</classes>
	</test> -->
	
	<!-- <test name="National-9111 ACS 2.0 OTP Details Verification TestSuite">
		<classes>
			<class
				name="com.acs.testcases.NewSimulatorOTPDetailsVerificationTest" />
		</classes>
	</test>
	
	
	
	<test name="National-9111 Admin 2.0 ACS OTP Details Fetch Verification TestSuite">
		<classes>
			<class name="com.uam.testcases.ACSOTPTxnVerification" />
		</classes>
	</test>	
	
	<test name="National-9111 Admin 1.0 ACS OTP Details Fetch Verification TestSuite">
		<classes>
			<class name="com.uam.testcases.ACSOTPTxn1_0Verification" />
		</classes>
	</test>
	 <test name="National-9111 Admin 2.0 3DSS Txn Fetch Verification TestSuite">
		<classes>
			<class name="com.uam.testcases.ThreeDSTxnVerification" />
		</classes>
	</test> 
	<test name="National-9111 Trident 2.0 Txn fetch Verification TestSuite">
		<classes>
			<class name="com.trident.testcases.TridentTxnVerification" />
		</classes>
	</test>
	
	 -->
	
	
	
	
	
</suite> <!-- Suite -->