<?xml version="1.0" encoding="UTF-8"?>
<!DOCTYPE suite SYSTEM "http://testng.org/testng-1.0.dtd">
<suite name="ACS Protocol-TestSuite">

	<parameter name="browser-name" value="chrome" />
	<parameter name="operating-system" value="Windows" />
	<parameter name="OnBoradingXlFileName"
		value="NewBankOnboarding.xlsx" />
	<parameter name="XlFileName"
		value="Protocol_TestData.xlsx" />
	<parameter name="Txn1_0SheetName" value="Txn" />
	<parameter name="Txn2_0SheetName" value="Txn" />
	<parameter name="ACSTxn1_0SheetName" value="ACSTxn" />
	<parameter name="ACSTxn2_0SheetName" value="ACSTxn" />
	<parameter name="TridentTxn1_0SheetName"
		value="TridentTxn1_0" />
	<parameter name="TridentTxn2_0SheetName"
		value="TridentTxn2_0" />
	<parameter name="ThreeDSSTxn2_0SheetName"
		value="ThreeDSSTxn2_0" />
	<parameter name="ENV" value="DCS" />


	<listeners>
		<listener class-name="com.acs.libraries.TestListenerAdapter" />
		<listener class-name="com.acs.utils.TestNGResultListener" />
		<listener class-name="com.api.protocol.ExtentReportGenerator" />
	</listeners>
 
	<test name="ACS Protocol Transaction Flow TestSuite">
		<classes>
			<class
				name="com.api.protocol.ProtocolAuthenticationFlow" />
		</classes>
	</test>

</suite> <!-- Suite -->