<?xml version="1.0" encoding="UTF-8"?>
<!DOCTYPE suite SYSTEM "http://testng.org/testng-1.0.dtd">
<suite name="ACS Push API 3.0-TestSuite">

	<parameter name="browser-name" value="chrome" />
	<parameter name="operating-system" value="linux" />
	<parameter name="OnBoradingXlFileName"
		value="NewBankOnboarding.xlsx" />
	<parameter name="XlFileName"
		value="PushApi_TestData.xlsx" />
	<parameter name="Txn1_0SheetName" value="PushAPI3.0" />
	<parameter name="Txn2_0SheetName" value="PushAPI3.0" />
	<parameter name="ACSTxn1_0SheetName" value="PushAPI3.0_Txn" />
	<parameter name="ACSTxn2_0SheetName" value="PushAPI3.0_Txn" />
	<parameter name="TridentTxn1_0SheetName"
		value="TridentTxn1_0" />
	<parameter name="TridentTxn2_0SheetName"
		value="TridentTxn2_0" />
	<parameter name="ThreeDSSTxn2_0SheetName"
		value="ThreeDSSTxn2_0" />
	<parameter name="ENV" value="UAT1" />


	<listeners>
		<listener class-name="com.acs.libraries.TestListenerAdapter" />
		<listener class-name="com.acs.utils.TestNGResultListener" />
		<listener class-name="com.api.pushapi.ExtentReportGenerator" />
	</listeners>
 
	<test name="ACS PushAPI Transaction Flow TestSuite">
		<classes>
			<class
				name="com.api.pushapi.PushApiFlow" />
		</classes>
	</test>

</suite> <!-- Suite -->