<?xml version="1.0" encoding="UTF-8"?>
<!DOCTYPE suite SYSTEM "http://testng.org/testng-1.0.dtd">
<suite name="PlatformTestingBank_8055 ACS2.0-TestSuite">

	<parameter name="browser-name" value="chrome" />	
	<parameter name="operating-system" value="linux" />
	<parameter name="OnBoradingXlFileName" value="NewBankOnboarding.xlsx" />
	<parameter name="XlFileName" value="SanityTestData.xlsx" />
	<parameter name="Txn1_0SheetName" value="Txn1_0" />
	<parameter name="Txn2_0SheetName" value="Txn2_0" />
	<parameter name="OTPDetails1_0" value="OTPDetails1_0" />
	<parameter name="OTPDetails2_0" value="OTPDetails2_0" />
	<parameter name="ACSTxn1_0SheetName" value="ACSTxn1_0" />
	<parameter name="ACSTxn2_0SheetName" value="ACSTxn2_0" />
	<parameter name="TridentTxn1_0SheetName" value="TridentTxn1_0" />
	<parameter name="TridentTxn2_0SheetName" value="TridentTxn2_0" />
	<parameter name="ThreeDSSTxn2_0SheetName" value="ThreeDSSTxn2_0" />
	<parameter name="ENV" value="DCS" />

	<listeners>
		<listener class-name="com.acs.libraries.TestListenerAdapter" />
		<listener class-name="com.acs.utils.TestNGResultListener" />
	</listeners>	

	<!-- 1.0 Test suite -->
	
	<!-- <test name="PlatformTestingBank_8055 ACS 1.0 Transaction Flow TestSuite">
		<classes>
			<class
				name="com.acs.testcases.MPISimulatorAuthenticationFlowTest" />
		</classes>
	</test>  -->
	
	<!-- 2.0 test Suite -->	  
	
	 <test name="PlatformTestingBank_8055 ACS 2.0 Transaction Flow TestSuite">
		 <classes>
			<class
				name="com.acs.testcases.NewSimulatorAuthenticationFlowTest" />
		</classes>
	</test>	
		
	<!-- Transaction verification for 1.0 and 2.0 -->	
	
	<!-- <test name="PlatformTestingBank_8055 Admin 1.0 ACS Txn Fetch Verification TestSuite">
	 	<classes>
			<class name="com.uam.testcases.ACSTxn1_0Verification" />
		</classes>
	</test> -->
	
	<test name="PlatformTestingBank_8055 Admin 2.0 ACS Txn Fetch Verification TestSuite">
		<classes>
			<class name="com.uam.testcases.ACSTxnVerification" />
		</classes>
	</test>	
	
	<!-- Admin Tests --> 
	
	<test name="ACS  Transaction Report TestSuite">
		<classes>
			<class name="com.uam.testcases.ACSTransactionReport">
				<!-- <methods>
					<include name="ACSTxnReport" />					
				</methods> -->
			</class>
		</classes>
	</test>
	
	<test name="ACS Alert Repot  Transaction Flow TestSuite">
		<classes>
			<class name="com.uam.testcases.AlertReport" />
		</classes>
	</test>
	
	<!-- <test name="2fa Validation">
		<classes>
			<class name="com.uam.testcases.TwoFactorAuthVerification" />
		</classes>
	</test> -->
	
	
	
	
	
	
</suite> <!-- Suite -->