{
	"scenarioName": "'scenario_name'",
	"steps": [
        {
			"name": "'api1_name'",
			"url": "'api1_url'",
			"method": "'api1_method'",
			"request": {
                "headers":{
                    "Content-Type": "'contentType'",
                    "x-api-key": "'x-api-key'"
                },
				"body": {
                    "messageCode": "'api1_messageCode'",
                    "clientTxnId": "'api1_clientTxnId'",
                    "requestDateTime": "'api1_requestDateTime'",
                    "checkSum": "'api1_checkSum'",
					"isStatusCheckRequest": "'api1_isStatusCheckRequest'",
					"urn": "'api1_urn'",
					"last4Digits": "'api1_last4Digits'",
					"loginId": "api1_loginId",
					"loadAmount": "'api1_loadAmount'",
					"taxAmount": "'api1_taxAmount'",
					"feeAmount": "'api1_feeAmount'",
					"sourceAccountType": "'api1_sourceAccountType'",
					"cardProfileId": "api_cardProfileId",
					"customerId": "'api1_customerId'",
					"cardHolder": {
						"cardProfileId": "api1_cardHolder_cardProfileId",
						"cardholderFirstName": "'api1_cardHolder_cardholderFirstName'",
						"cardholderLastName": "'api1_cardHolder_cardholderLastName'",
						"cardholderMobile": "'api1_cardHolder_cardholderMobile'",
						"cardholderEmail": "'api1_cardHolder_cardholderEmail'",
						"cardholderAddress": "'api1_cardHolder_cardholderAddress'",
						"cardholderCity": "'api1_cardHolder_cardholderCity'",
						"cardholderState": "'api1_cardHolder_cardholderState'",
						"cardholderCountry": "'api1_cardHolder_cardholderCountry'",
						"cardholderZipCode": "'api1_cardHolder_cardholderZipCode'",
						"cardholderDateOfBirth": "'api1_cardHolder_cardholderDateOfBirth'",
						"identityProof": "'api1_cardHolder_identityProof'",
						"identityProofNumber": "'api1_cardHolder_identityProofNumber'",
						"employeeId": "'api1_cardHolder_employeeId'",
						"ovdName": "'api1_cardHolder_ovdName'",
						"isPanValid": "'api1_cardHolder_isPanValid'"
					},
					"nominee": {
						"firstName": "'api1_nominee_firstName'",
						"lastName": "'api1_nominee_lastName'",
						"dateOfBirth": "'api1_nominee_dateOfBirth'",
						"email": "'api1_nominee_email'",
						"mobile": "'api1_nominee_mobile'",
						"address": "'api1_nominee_address'",
						"city": "'api1_nominee_city'",
						"state": "'api1_nominee_state'",
						"country": "'api1_nominee_country'",
						"zipCode": "'api1_nominee_zipCode'"
					},
					"iccNumber": "'api1_iccNumber'",
					"productId": "'api1_productId'"
				}
			},
			"verify": {
				"status": "api1_response_status"
			}	
		},
		{
			"name": "'api2_name'",
			"url": "'api2_url'",
			"method": "'api2_method'",
			"request": {
                "headers":{
                    "Content-Type": "'contentType'",
                    "x-api-key": "'x-api-key'",
                    "clientId":"'clientId'",
                    "bankId":"'bankId'",
                    "secureCode":"'secureCode'",
                    "entityId":"'entityId'"
                },
				"body": {
                    "token": "${$.api1_name.response.body.token}"
				}
			},
			"verify": {
				"status": "api2_response_status"
			}	
		},
        {
			"name": "'api3_name'",
			"url": "'api3_url'",
			"method": "'api3_method'",
			"request": {
                "headers":{
                    "Content-Type": "'contentType'",
                    "x-api-key": "'x-api-key'"
                },
				"body": {
                    "token": "${$.api2_name.response.body.token}"
				}
			},
			"verify": {
				"status": "api3_response_status",
                "body": {                
                    "responseCode": "'api3_response_response_code'",
                    "responseMessage": "'api3_response_response_message'"                
                }			
			}	
		}
	]
}