{
	"scenarioName": "'scenario_name'",
	"steps": [
        {
			"name": "'api1_name'",
			"url": "'api1_url'",
			"method": "'api1_method'",
			"request": {
                "headers":{
                    "Content-Type": "'contentType'",
                    "x-api-key": "'x-api-key'"
                },
				"body": {
                    "messageCode": "'api1_messageCode'",
                    "clientTxnId": "'api1_clientTxnId'",
                    "requestDateTime": "'api1_requestDateTime'",
                    "customerId":"'api1_customerId'",
                    "sorCustomerId":"'api1_sorCustomerId'",
                    "customerDetails": {
                        "firstName": "'api1_customerDetails_firstName'",
                        "middleName": "'api1_customerDetails_middleName'",
                        "lastName": "'api1_customerDetails_lastName'",
                        "gender": "'api1_customerDetails_gender'",
                        "dateOfBirth": "'api1_customerDetails_dateOfBirth'",
                        "mobileNumber": "'api1_customerDetails_mobileNumber'",
                        "emailAddress": "'api1_customerDetails_emailAddress'"
                    },
                    "addressDetails": {
                        "address1": "'api1_addressDetails_address1'",
                        "address2": "'api1_addressDetails_address2'",
                        "city": "'api1_addressDetails_city'",
                        "state": "'api1_addressDetails_state'",
                        "country": "'api1_addressDetails_country'",
                        "zipCode": "'api1_addressDetails_zipCode'"
                    },
                    "docList": [
                        {
                            "ovdType": "'api1_docList1_ovdType'",
                            "ovdNo": "'api1_docList1_ovdNo'",
                            "ovdExpDate": "'api1_docList1_ovdExpDate'"
                        },
                        {
                            "ovdType": "'api1_docList2_ovdType'",
                            "ovdNo": "'api1_docList2_ovdNo'",
                            "ovdExpDate": "'api1_docList2_ovdExpDate'"
                        }
                    ],
                    "kycProfile": "'api1_kycProfile'",
                    "riskCategory": "'api1_riskCategory'",
                    "riskScore": "'api1_riskScore'",
                    "form60": "'api1_form60'",
                    "productId": "'api1_productId'",
                    "formFactorRequired": "'api1_formFactorRequired'",
                    "initialLoad": "api1_initialLoad",
                    "initialLoadAmtCurrency": "'api1_initialLoadAmtCurrency'",
                    "reserveField1": "'api1_reserveField1'",
                    "reserveField2": "api1_reserveField2"
				}
			},
			"verify": {
				"status": "api1_response_status"
			}	
		},
		{
			"name": "'api2_name'",
			"url": "'api2_url'",
			"method": "'api2_method'",
			"request": {
                "headers":{
                    "Content-Type": "'contentType'",
                    "x-api-key": "'x-api-key'",
                    "clientId":"'clientId'",
                    "bankId":"'bankId'",
                    "secureCode":"'secureCode'",
                    "entityId":"'entityId'",
                    "X-Consumer-Custom-ID":"'X_Consumer_Custom_ID'"
                },
				"body": {
                    "token": "${$.api1_name.response.body.token}"
				}
			},
			"verify": {
				"status": "api2_response_status"
			}	
		},
        {
			"name": "'api3_name'",
			"url": "'api3_url'",
			"method": "'api3_method'",
			"request": {
                "headers":{
                    "Content-Type": "'contentType'",
                    "x-api-key": "'x-api-key'"
                },
				"body": {
                    "token": "${$.api2_name.response.body.token}"
				}
			},
			"verify": {
				"status": "api3_response_status",
                "body": {                
                    "responseCode": "'api3_response_response_code'",
                    "responseMessage": "'api3_response_response_message'"                
                }			
			}	
		}
	]
}