{
	"info": {
		"_postman_id": "504dba84-057a-45fd-879d-a54f1d16c90e",
		"name": "e2FA-Rest",
		"schema": "https://schema.getpostman.com/json/collection/v2.0.0/collection.json"
	},
	"item": [
		{
			"name": "New Request",
			"request": {
				"method": "GET",
				"header": [],
				"url": ""
			},
			"response": []
		},
		{
			"name": "generate",
			"request": {
				"method": "POST",
				"header": [
					{
						"key": "apiUser",
						"value": "hdfc_dc",
						"type": "text"
					},
					{
						"key": "apiKey",
						"value": "testing",
						"type": "text"
					},
					{
						"key": "Accept",
						"value": "application/json",
						"type": "text"
					}
				],
				"body": {
					"mode": "raw",
					"raw": "{\r\n    \"instanceId\": \"8888\",\r\n    \"forceNew\": \"true\",\r\n    \"passwordCategory\": \"OTP\",\r\n    \"passwordMask\": \"N\",\r\n    \"passwordLength\": \"6\",\r\n    \"expiryMin\": \"3\",\r\n    \"maxAttempts\": \"3\",\r\n    \"authenticationsAllowed\": \"1\",\r\n    \"apiUser\": \"hdfc_dc\",\r\n    \"linkData\": \"4346787321368778\",\r\n    \"refNo\": \"202307100456025244oX2hW7qG\",\r\n    \"ornReferenceNumber\": \"abcd\",\r\n    \"messageHash\": \"dynamic:genpwdreq:12:56KX/mOtPNz9w4KlcAacGcq5K4U=\"\r\n}",
					"options": {
						"raw": {
							"language": "json"
						}
					}
				},
				"url": "http://192.168.108.106:8091/v1/otpservice/hdfc_acs/pwd/generate"
			},
			"response": []
		},
		{
			"name": "verify",
			"protocolProfileBehavior": {
				"disabledSystemHeaders": {}
			},
			"request": {
				"method": "POST",
				"header": [
					{
						"key": "apiUser",
						"value": "hdfc_dc",
						"type": "text"
					},
					{
						"key": "apiKey",
						"value": "testing",
						"type": "text"
					},
					{
						"key": "Accept",
						"value": "application/json",
						"type": "text"
					}
				],
				"body": {
					"mode": "raw",
					"raw": "{\r\n    \"refNo\": \"202307100456025244oX2hW7qG\",\r\n    \"linkData\": \"4346787321368778\",\r\n    \"passwordCategory\": \"OTP\",\r\n    \"authenticationsAllowed\": \"1\",\r\n    \"expiryMin\": \"3\",\r\n    \"apiUser\": \"hdfc_dc\",\r\n    \"passwordMask\": \"N\",\r\n    \"passwordLength\": \"6\",\r\n    \"maxAttempts\": \"3\",\r\n    \"instanceId\": 8888,\r\n    \"passwordValue\": \"974009\",\r\n    \"messageHash\": \"dynamic:verpwdreq:12:56KX/mOtPNz9w4KlcAacGcq5K4U=\"\r\n}",
					"options": {
						"raw": {
							"language": "json"
						}
					}
				},
				"url": "http://192.168.108.106:8091/v1/otpservice/hdfc_acs/pwd/verify"
			},
			"response": []
		}
	]
}