2.0 Cards:

4012345361787028|91|7204258789|bharat.reddy@wibmo.com|
4012347643984050|91|7204258789|bharat.reddy@wibmo.com|
4012344174876458|91|7204258789|bharat.reddy@wibmo.com|
4012344521354878|91|7204258789|bharat.reddy@wibmo.com|
4012344594795858|91|7204258789|bharat.reddy@wibmo.com|
4012341314472537|91|7204258789|bharat.reddy@wibmo.com|
4012346866169803|91|7204258789|bharat.reddy@wibmo.com|
4012341097846873|91|7204258789|bharat.reddy@wibmo.com|
4012342097614725|91|7204258789|bharat.reddy@wibmo.com|
4012341359954209|91|7204258789|bharat.reddy@wibmo.com|
4012348239396063|91|7204258789|bharat.reddy@wibmo.com|
4012344749428959|91|7204258789|bharat.reddy@wibmo.com|
4012349447250506|91|7204258789|bharat.reddy@wibmo.com|
4012343643386644|91|7204258789|bharat.reddy@wibmo.com|
4012348612050766|91|7204258789|bharat.reddy@wibmo.com|
4012346371771002|91|7204258789|bharat.reddy@wibmo.com|
4012345380954419|91|7204258789|bharat.reddy@wibmo.com|
4012347933945027|91|7204258789|bharat.reddy@wibmo.com|
4012343197040886|91|7204258789|bharat.reddy@wibmo.com|
4012349675101736|91|7204258789|bharat.reddy@wibmo.com|
4012346446278983|91|7204258789|bharat.reddy@wibmo.com|
4012344683657472|91|7204258789|bharat.reddy@wibmo.com|
4012341209301221|91|7204258789|bharat.reddy@wibmo.com|
4012344691060677|91|7204258789|bharat.reddy@wibmo.com|
4012342138486794|91|7204258789|bharat.reddy@wibmo.com|
4012340598109062|91|7204258789|bharat.reddy@wibmo.com|
4012341167068440|91|7204258789|bharat.reddy@wibmo.com|
4012340043866555|91|7204258789|bharat.reddy@wibmo.com|
4012346936506182|91|7204258789|bharat.reddy@wibmo.com|
4012348832818950|91|7204258789|bharat.reddy@wibmo.com|
4012343612483513|91|7204258789|bharat.reddy@wibmo.com|
4012347732441376|91|7204258789|bharat.reddy@wibmo.com|
4012344041205840|91|7204258789|bharat.reddy@wibmo.com|



1.0 Cards:


4543218784072450|91|7204258789|bharat.reddy@wibmo.com|
4543214702995799|91|7204258789|bharat.reddy@wibmo.com|
4543212328918005|91|7204258789|bharat.reddy@wibmo.com|
4543210881103031|91|7204258789|bharat.reddy@wibmo.com|
4543218984779268|91|7204258789|bharat.reddy@wibmo.com|
4543212486757948|91|7204258789|bharat.reddy@wibmo.com|
4543211145822697|91|7204258789|bharat.reddy@wibmo.com|
4543210372486739|91|7204258789|bharat.reddy@wibmo.com|
4543214377824621|91|7204258789|bharat.reddy@wibmo.com|
4543210074805277|91|7204258789|bharat.reddy@wibmo.com|
4543219920964691|91|7204258789|bharat.reddy@wibmo.com|
4543219548471129|91|7204258789|bharat.reddy@wibmo.com|
4543214731634682|91|7204258789|bharat.reddy@wibmo.com|
4543218071059483|91|7204258789|bharat.reddy@wibmo.com|
4543217627427236|91|7204258789|bharat.reddy@wibmo.com|
4543214803919102|91|7204258789|bharat.reddy@wibmo.com|
4543211869061282|91|7204258789|bharat.reddy@wibmo.com|
4543211479331406|91|7204258789|bharat.reddy@wibmo.com|
4543211266125037|91|7204258789|bharat.reddy@wibmo.com|
4543210749627650|91|7204258789|bharat.reddy@wibmo.com|
4543217585237726|91|7204258789|bharat.reddy@wibmo.com|
4543215165296401|91|7204258789|bharat.reddy@wibmo.com|
4543211405870618|91|7204258789|bharat.reddy@wibmo.com|
4543218860207764|91|7204258789|bharat.reddy@wibmo.com|
4543219628228142|91|7204258789|bharat.reddy@wibmo.com|
4543216658681703|91|7204258789|bharat.reddy@wibmo.com|
4543219388066708|91|7204258789|bharat.reddy@wibmo.com|
4543212358205455|91|7204258789|bharat.reddy@wibmo.com|
4543217255222750|91|7204258789|bharat.reddy@wibmo.com|
4543217791332055|91|7204258789|bharat.reddy@wibmo.com|
4543212147263328|91|7204258789|bharat.reddy@wibmo.com|
4543217370166973|91|7204258789|bharat.reddy@wibmo.com|
4543211519616287|91|7204258789|bharat.reddy@wibmo.com|