{
	"info": {
		"_postman_id": "e984c996-4024-43cb-9ba0-19316e040748",
		"name": "Tridentity-Communicator-ACSMock",
		"schema": "https://schema.getpostman.com/json/collection/v2.1.0/collection.json",
		"_exporter_id": "27296027"
	},
	"item": [
		{
			"name": "Communicator :: AuthMode",
			"request": {
				"method": "POST",
				"header": [
					{
						"key": "clientId",
						"value": "a59fd869-e0df-4ac5-a3f8-2d5085b00fd9",
						"type": "text"
					}
				],
				"body": {
					"mode": "raw",
					"raw": "{\r\n    \"productType\" : \"Debt Card\",\r\n    \"traceId\" : \"192jr13or-1in10fr13=139nf130f\",\r\n\t\"authTypes\" : [\"PUSH\",\"BIOMETRIC\",\"OFFLINE\"],\r\n\t\"timeStamp\" : \"2022-02-03T13:08:11.126+00:00\"\r\n}",
					"options": {
						"raw": {
							"language": "json"
						}
					}
				},
				"url": {
					"raw": "http://localhost:8083/tdy/communicator/auth-update",
					"protocol": "http",
					"host": [
						"localhost"
					],
					"port": "8083",
					"path": [
						"tdy",
						"communicator",
						"auth-update"
					]
				}
			},
			"response": []
		},
		{
			"name": "Communicator :: RegStatus",
			"request": {
				"method": "POST",
				"header": [
					{
						"key": "clientId",
						"value": "077cfebc-a62c-4477-9fd2-7b655b56576a",
						"type": "text"
					},
					{
						"key": "customerId",
						"value": "1234",
						"type": "text"
					}
				],
				"body": {
					"mode": "raw",
					"raw": "{\r\n    \"productType\" : \"Debt Card\",\r\n    \"uniqueSubProduct\" : \"1234,4321\",\r\n    \"traceId\" : \"192jr13or-1in10fr13=139nf130f\",\r\n\t\"status\" : \"REGISTERED\",\r\n\t\"timeStamp\" : \"2022-02-03T13:08:11.126+00:00\"\r\n}",
					"options": {
						"raw": {
							"language": "json"
						}
					}
				},
				"url": {
					"raw": "http://localhost:8083/tdy/communicator/registration-status/9310293840",
					"protocol": "http",
					"host": [
						"localhost"
					],
					"port": "8083",
					"path": [
						"tdy",
						"communicator",
						"registration-status",
						"9310293840"
					]
				}
			},
			"response": []
		},
		{
			"name": "Communicator :: TxnStatus",
			"event": [
				{
					"listen": "prerequest",
					"script": {
						"exec": [
							""
						],
						"type": "text/javascript"
					}
				}
			],
			"request": {
				"method": "POST",
				"header": [
					{
						"key": "clientId",
						"value": "077cfebc-a62c-4477-9fd2-7b655b56576a",
						"type": "text"
					}
				],
				"body": {
					"mode": "raw",
					"raw": "{\r\n    \"txnId\" : \"128eh12-183rh139r10-18r13r013ir\",\r\n    \"traceId\" : \"192jr13or-1in10fr13=139nf130f\",\r\n    \"txnStatus\" : \"APPROVED\",\r\n    \"timeStamp\" : \"2022-01-18 01:13:30.844000\"\r\n}",
					"options": {
						"raw": {
							"language": "json"
						}
					}
				},
				"url": {
					"raw": "http://localhost:8083/tdy/communicator/txn-status",
					"protocol": "http",
					"host": [
						"localhost"
					],
					"port": "8083",
					"path": [
						"tdy",
						"communicator",
						"txn-status"
					]
				}
			},
			"response": []
		},
		{
			"name": "ACS :: AuthMode",
			"request": {
				"method": "PUT",
				"header": [
					{
						"key": "clientId",
						"value": "5dfb24fb-7695-4f73-9087-3bd26e6a25f4",
						"type": "text"
					},
					{
						"key": "x-api-key",
						"value": "Iv}(+TE2_rrlAeb8fFhMTKA",
						"type": "text"
					}
				],
				"body": {
					"mode": "raw",
					"raw": "{\r\n    \"productType\" : \"Debt Card\",\r\n    \"traceId\" : \"192jr13or-1in10fr13=139nf130f\",\r\n\t\"authTypes\" : [\"PUSH\",\"BIOMETRIC\",\"OFFLINE\"],\r\n\t\"timeStamp\" : \"2022-02-03T13:08:11.126+00:00\"\r\n}",
					"options": {
						"raw": {
							"language": "json"
						}
					}
				},
				"url": {
					"raw": "https://3ds2-cust-api-acsdcs.pc.enstage-sas.com/v1/customer/tridentity/authmode",
					"protocol": "https",
					"host": [
						"3ds2-cust-api-acsdcs",
						"pc",
						"enstage-sas",
						"com"
					],
					"path": [
						"v1",
						"customer",
						"tridentity",
						"authmode"
					]
				}
			},
			"response": []
		},
		{
			"name": "ACS :: RegStatus",
			"request": {
				"method": "POST",
				"header": [
					{
						"key": "clientId",
						"value": "5a491b0a-335e-4e90-a63a-b6e769b827d0",
						"type": "text"
					},
					{
						"key": "x-api-key",
						"value": "bWav*j0C16F\"OlI U~#f>\\9^",
						"type": "text"
					}
				],
				"body": {
					"mode": "raw",
					"raw": "{\r\n    \"uniqueSubProduct\": \"1234,1234\",\r\n    \"phoneNumber\": \"917204258789\",\r\n    \"productType\": \"Prod\",\r\n    \"traceId\": \"fb14b53e-eccb-4766-b431-e6b648cd8340\",\r\n    \"status\": \"REGISTERED\",\r\n    \"timeStamp\": \"2024-02-06 17:28:11.053\"\r\n}",
					"options": {
						"raw": {
							"language": "json"
						}
					}
				},
				"url": {
					"raw": "https://3ds2-cust-api-acsdcs.pc.enstage-sas.com/v1/customer/tridentity/user-registration-status",
					"protocol": "https",
					"host": [
						"3ds2-cust-api-acsdcs",
						"pc",
						"enstage-sas",
						"com"
					],
					"path": [
						"v1",
						"customer",
						"tridentity",
						"user-registration-status"
					]
				}
			},
			"response": []
		},
		{
			"name": "ACS :: TxnStatus",
			"request": {
				"method": "POST",
				"header": [
					{
						"key": "clientId",
						"value": "5a491b0a-335e-4e90-a63a-b6e769b827d0",
						"type": "text"
					},
					{
						"key": "x-api-key",
						"value": "bWav*j0C16F\"OlI U~#f>\\9^",
						"type": "text"
					},
					{
						"key": "txnId",
						"value": "55b911ca-c976-11ee-ad78-457b48e6fb14",
						"type": "text"
					}
				],
				"body": {
					"mode": "raw",
					"raw": "{\r\n  \"txnId\": \"55b911ca-c976-11ee-ad78-457b48e6fb14\",\r\n  \"traceId\": \"804ee237-9d68-4391-9241-1eda93e0b0ac\",\r\n  \"txnStatus\": \"APPROVED\",\r\n  \"timeStamp\": \"2024-02-12 12:33:46\",\r\n  \"txnStatusUrl\": \"https://3ds2-ui-acsdcs.pc.enstage-sas.com/v1/oob/services/acs/txnAuthStatus/9055/55b911ca-c976-11ee-ad78-457b48e6fb14\"\r\n}",
					"options": {
						"raw": {
							"language": "json"
						}
					}
				},
				"url": {
					"raw": "https://3ds2-ui-acsdcs.pc.enstage-sas.com/v1/oob/services/acs/txnAuthStatus/9055/55b911ca-c976-11ee-ad78-457b48e6fb14",
					"protocol": "https",
					"host": [
						"3ds2-ui-acsdcs",
						"pc",
						"enstage-sas",
						"com"
					],
					"path": [
						"v1",
						"oob",
						"services",
						"acs",
						"txnAuthStatus",
						"9055",
						"55b911ca-c976-11ee-ad78-457b48e6fb14"
					]
				}
			},
			"response": []
		},
		{
			"name": "SaveUrls",
			"request": {
				"method": "POST",
				"header": [
					{
						"key": "clientId",
						"value": "a474f75c-958d-43ad-900c-226efcec4ee6",
						"type": "text"
					}
				],
				"body": {
					"mode": "raw",
					"raw": "{\r\n    \"authUpdateUrl\" : \"http://localhost:8084/tdy/acs/authUpdate\",\r\n    \"regUpdateUrl\" : \"http://localhost:8084/tdy/acs/registrationStatus\",\r\n\t\"txnUpdateUrl\" : \"http://localhost:8084/tdy/acs/txnStatus\"\r\n}",
					"options": {
						"raw": {
							"language": "json"
						}
					}
				},
				"url": {
					"raw": "http://localhost:8083/tdy/communicator/callback-url",
					"protocol": "http",
					"host": [
						"localhost"
					],
					"port": "8083",
					"path": [
						"tdy",
						"communicator",
						"callback-url"
					]
				}
			},
			"response": []
		},
		{
			"name": "updateUrls",
			"request": {
				"method": "POST",
				"header": [
					{
						"key": "clientId",
						"value": "c7041c13-8357-4ff9-a21a-d3b23d75d802",
						"type": "text"
					}
				],
				"body": {
					"mode": "raw",
					"raw": "{\r\n    \"authUpdateUrl\" : \"http://localhost:8084/tdy/acs/authUpdate\",\r\n    \"regUpdateUrl\" : \"http://localhost:8084/tdy/acs/registrationStatus\",\r\n\t\"txnUpdateUrl\" : \"http://localhost:8084/tdy/acs/registrationStatus\"\r\n}",
					"options": {
						"raw": {
							"language": "json"
						}
					}
				},
				"url": {
					"raw": "http://localhost:8083/tdy/communicator/update-url",
					"protocol": "http",
					"host": [
						"localhost"
					],
					"port": "8083",
					"path": [
						"tdy",
						"communicator",
						"update-url"
					]
				}
			},
			"response": []
		}
	]
}