{
	"info": {
		"_postman_id": "b52b01c3-b88c-41bd-84fa-cb0b80a674c0",
		"name": "Limit_Management_QA_Hexa_PPI",
		"schema": "https://schema.getpostman.com/json/collection/v2.1.0/collection.json",
		"_exporter_id": "30010218"
	},
	"item": [
		{
			"name": "CRUD_APIs",
			"item": [
				{
					"name": "Program_Level_Limit",
					"item": [
						{
							"name": "Create_Program_Level_Limit",
							"request": {
								"method": "POST",
								"header": [
									{
										"key": "clientId",
										"value": "1",
										"type": "default"
									},
									{
										"key": "bankId",
										"value": "6050",
										"type": "text"
									}
								],
								"body": {
									"mode": "raw",
									"raw": "{\r\n    \"programId\": \"1\",\r\n    \"kycProfileId\": \"30\",\r\n    \"fundFlowType\": \"1\",\r\n    \"channelId\": \"3\",\r\n    \"dailyLimit\": 10000000,\r\n    \"monthlyLimit\": 20000000,\r\n    \"yearlyLimit\": 240000000,\r\n    \"dailyCount\": 1000000,\r\n    \"monthlyCount\": 1000000,\r\n    \"yearlyCount\": 1000000\r\n}\r\n\r\n\r\n\r\n",
									"options": {
										"raw": {
											"language": "json"
										}
									}
								},
								"url": {
									"raw": "https://hexappi-master-rule-limit.pc.enstage-sas.com/api/limit/v1/programs",
									"protocol": "https",
									"host": [
										"hexappi-master-rule-limit",
										"pc",
										"enstage-sas",
										"com"
									],
									"path": [
										"api",
										"limit",
										"v1",
										"programs"
									]
								}
							},
							"response": []
						},
						{
							"name": "Create_Program_Level_Outstanding_Bal_Limit",
							"request": {
								"method": "POST",
								"header": [
									{
										"key": "clientId",
										"value": "5",
										"type": "default"
									}
								],
								"body": {
									"mode": "raw",
									"raw": "{\r\n    \"programId\": \"1\",\r\n    \"kycProfileId\": \"30\",\r\n    \r\n    \"fundFlowType\": \"7\",\r\n    \"outstandingBalance\": 7000000\r\n}",
									"options": {
										"raw": {
											"language": "json"
										}
									}
								},
								"url": {
									"raw": "https://mw-master-rule.pc.enstage-sas.com/api/limit/v1/programs",
									"protocol": "https",
									"host": [
										"mw-master-rule",
										"pc",
										"enstage-sas",
										"com"
									],
									"path": [
										"api",
										"limit",
										"v1",
										"programs"
									]
								}
							},
							"response": []
						},
						{
							"name": "Fetch_Program_Level_Limit_One_Record",
							"request": {
								"method": "GET",
								"header": [
									{
										"key": "clientId",
										"value": "5",
										"type": "default"
									}
								],
								"url": {
									"raw": "https://volohealth-master-rule.pc.enstage-sas.com/api/limit/v1/programs/1/kycProfiles/30/fundFlowTypes/1/channels/3",
									"protocol": "https",
									"host": [
										"volohealth-master-rule",
										"pc",
										"enstage-sas",
										"com"
									],
									"path": [
										"api",
										"limit",
										"v1",
										"programs",
										"1",
										"kycProfiles",
										"30",
										"fundFlowTypes",
										"1",
										"channels",
										"3"
									]
								}
							},
							"response": []
						},
						{
							"name": "Fetch_Program_Level_Limit_Multi_Record",
							"request": {
								"method": "GET",
								"header": [
									{
										"key": "clientId",
										"value": "15",
										"type": "default"
									}
								],
								"url": {
									"raw": "http://localhost:8080/api/limit/getProgramLevelLimits",
									"protocol": "http",
									"host": [
										"localhost"
									],
									"port": "8080",
									"path": [
										"api",
										"limit",
										"getProgramLevelLimits"
									]
								}
							},
							"response": []
						},
						{
							"name": "Fetch_Program_Level_Limit Single_All_Programs",
							"protocolProfileBehavior": {
								"disableBodyPruning": true
							},
							"request": {
								"method": "GET",
								"header": [
									{
										"key": "clientId",
										"value": "5",
										"type": "default"
									}
								],
								"body": {
									"mode": "raw",
									"raw": "{   \r\n    \"fetchProgramRequest\": [\r\n        {\r\n            \"programId\":\"200\",\r\n            \"kycProfileId\":\"1\",\r\n            \"fundFlowType\":\"1\",\r\n            \"channelId\":\"1\"\r\n        },\r\n        {\r\n            \"programId\":\"200\",\r\n            \"kycProfileId\":\"2\",\r\n            \"fundFlowType\":\"1\",\r\n            \"channelId\":\"2\"\r\n        }\r\n    ]\r\n}\r\n\r\n",
									"options": {
										"raw": {
											"language": "json"
										}
									}
								},
								"url": {
									"raw": "https://volohealth-master-rule.pc.enstage-sas.com/api/limit/v1/programs",
									"protocol": "https",
									"host": [
										"volohealth-master-rule",
										"pc",
										"enstage-sas",
										"com"
									],
									"path": [
										"api",
										"limit",
										"v1",
										"programs"
									]
								}
							},
							"response": []
						},
						{
							"name": "Update_Program_Level_Limit",
							"request": {
								"method": "PATCH",
								"header": [
									{
										"key": "clientId",
										"value": "5",
										"type": "default"
									}
								],
								"body": {
									"mode": "raw",
									"raw": "{\r\n    \"id\": 51,\r\n    \"dailyLimit\": 100000,\r\n    \"monthlyLimit\": 6000000,\r\n    \"yearlyLimit\": 9000000,\r\n    \"monthlyCount\": 250\r\n}",
									"options": {
										"raw": {
											"language": "json"
										}
									}
								},
								"url": {
									"raw": "https://volohealth-master-rule.pc.enstage-sas.com/api/limit/v1/programs",
									"protocol": "https",
									"host": [
										"volohealth-master-rule",
										"pc",
										"enstage-sas",
										"com"
									],
									"path": [
										"api",
										"limit",
										"v1",
										"programs"
									]
								}
							},
							"response": []
						},
						{
							"name": "Delete_Program_Level_Limit",
							"request": {
								"method": "DELETE",
								"header": [
									{
										"key": "clientId",
										"value": "5",
										"type": "default"
									}
								],
								"body": {
									"mode": "raw",
									"raw": "{\r\n    \"id\": 1\r\n}",
									"options": {
										"raw": {
											"language": "json"
										}
									}
								},
								"url": {
									"raw": "https://mw-master-rule.pc.enstage-sas.com/api/limit/v1/programs",
									"protocol": "https",
									"host": [
										"mw-master-rule",
										"pc",
										"enstage-sas",
										"com"
									],
									"path": [
										"api",
										"limit",
										"v1",
										"programs"
									]
								}
							},
							"response": []
						}
					]
				},
				{
					"name": "Customer_Level_Limit",
					"item": [
						{
							"name": "Create_Customer_Level_Limit",
							"request": {
								"method": "POST",
								"header": [
									{
										"key": "clientId",
										"value": "5",
										"type": "default"
									}
								],
								"body": {
									"mode": "raw",
									"raw": "{\r\n    \"programId\": 1,\r\n    \"customerId\": 129609,\r\n    \"kycProfileId\": 30,\r\n    \"fundFlowType\": 1,\r\n    \"channelId\": 4,\r\n    \"dailyLimit\": 10000,\r\n    \"monthlyLimit\": 40000,\r\n    \"yearlyLimit\": 500000,\r\n    \"dailyCount\": 10,\r\n    \"monthlyCount\": 250,\r\n    \"yearlyCount\": 2000\r\n}",
									"options": {
										"raw": {
											"language": "json"
										}
									}
								},
								"url": {
									"raw": "https://mw-master-rule.pc.enstage-sas.com/api/limit/v1/customers",
									"protocol": "https",
									"host": [
										"mw-master-rule",
										"pc",
										"enstage-sas",
										"com"
									],
									"path": [
										"api",
										"limit",
										"v1",
										"customers"
									]
								}
							},
							"response": []
						},
						{
							"name": "Create_Customer_Outstanding_Bal_Limit",
							"request": {
								"method": "POST",
								"header": [
									{
										"key": "clientId",
										"value": "5",
										"type": "default"
									}
								],
								"body": {
									"mode": "raw",
									"raw": "{\r\n    \"programId\": 1,\r\n    \"customerId\": 129609,\r\n    \"kycProfileId\": 30,\r\n    \"fundFlowType\": 7,\r\n    \"outstandingBalance\": \"700000\"\r\n}",
									"options": {
										"raw": {
											"language": "json"
										}
									}
								},
								"url": {
									"raw": "https://mw-master-rule.pc.enstage-sas.com/api/limit/v1/customers",
									"protocol": "https",
									"host": [
										"mw-master-rule",
										"pc",
										"enstage-sas",
										"com"
									],
									"path": [
										"api",
										"limit",
										"v1",
										"customers"
									]
								}
							},
							"response": []
						},
						{
							"name": "Fetch_Customer_Level_Limit_Multi_Record",
							"request": {
								"method": "GET",
								"header": [
									{
										"key": "clientId",
										"value": "5",
										"type": "default"
									}
								],
								"url": {
									"raw": "https://mw-master-rule.pc.enstage-sas.com/api/limit/v1/customers/129609/programs/1",
									"protocol": "https",
									"host": [
										"mw-master-rule",
										"pc",
										"enstage-sas",
										"com"
									],
									"path": [
										"api",
										"limit",
										"v1",
										"customers",
										"129609",
										"programs",
										"1"
									]
								}
							},
							"response": []
						},
						{
							"name": "Fetch_Customer_Level_Limit_One_Record",
							"request": {
								"method": "GET",
								"header": [
									{
										"key": "clientId",
										"value": "5",
										"type": "default"
									}
								],
								"url": {
									"raw": "https://mw-master-rule.pc.enstage-sas.com/api/limit/v1/customers/129609/programs/1/kycprofiles/30/fundflowtypes/1/channels/4",
									"protocol": "https",
									"host": [
										"mw-master-rule",
										"pc",
										"enstage-sas",
										"com"
									],
									"path": [
										"api",
										"limit",
										"v1",
										"customers",
										"129609",
										"programs",
										"1",
										"kycprofiles",
										"30",
										"fundflowtypes",
										"1",
										"channels",
										"4"
									]
								}
							},
							"response": []
						},
						{
							"name": "Update_Customer_Level_Limit",
							"request": {
								"method": "PATCH",
								"header": [
									{
										"key": "clientId",
										"value": "5",
										"type": "default"
									}
								],
								"body": {
									"mode": "raw",
									"raw": "{\r\n    \"id\": 1,\r\n    \"dailyLimit\": 10000,\r\n    \"yearlyLimit\": 600000\r\n}",
									"options": {
										"raw": {
											"language": "json"
										}
									}
								},
								"url": {
									"raw": "https://mw-master-rule.pc.enstage-sas.com/api/limit/v1/customers",
									"protocol": "https",
									"host": [
										"mw-master-rule",
										"pc",
										"enstage-sas",
										"com"
									],
									"path": [
										"api",
										"limit",
										"v1",
										"customers"
									]
								}
							},
							"response": []
						},
						{
							"name": "Delete_Customer_Level_Limit",
							"request": {
								"method": "DELETE",
								"header": [
									{
										"key": "clientId",
										"value": "5",
										"type": "default"
									}
								],
								"body": {
									"mode": "raw",
									"raw": "{\r\n    \"id\": 1\r\n}",
									"options": {
										"raw": {
											"language": "json"
										}
									}
								},
								"url": {
									"raw": "https://mw-master-rule.pc.enstage-sas.com/api/limit/v1/customers",
									"protocol": "https",
									"host": [
										"mw-master-rule",
										"pc",
										"enstage-sas",
										"com"
									],
									"path": [
										"api",
										"limit",
										"v1",
										"customers"
									]
								}
							},
							"response": []
						},
						{
							"name": "New Request",
							"protocolProfileBehavior": {
								"disableBodyPruning": true
							},
							"request": {
								"method": "GET",
								"header": [],
								"body": {
									"mode": "raw",
									"raw": "{\r\n    \"urn\": 129620,\r\n    \"customerId\": \"129620\",\r\n    \"description\": \"Active\",\r\n    \"responseCode\": \"00\",\r\n    \"messageCode\": 1091,\r\n    \"clientTxnId\": \"20200804162237767_Aero_Wibmo_B12\",\r\n    \"clientId\": \"bdo\",\r\n    \"responseDateTime\": \"20230217122208\",\r\n    \"accosaTransactionId\": 0,\r\n    \"responseMessage\": \"SUCCESS\",\r\n    \"bankId\": 6040,\r\n    \"availableBalance\": \"0\",\r\n    \"availableCashLimit\": \"0\",\r\n    \"cardNumber\": \"4064764284368301\",\r\n    \"cardExpiry\": \"0124\",\r\n    \"cardCVV2\": \"293\",\r\n    \"cardStatus\": \"0\",\r\n    \"activationTimeStamp\": \"2023-02-03 15:31:34.97\",\r\n    \"lastActivityTimeStamp\": \"2023-02-03 15:32:00.0\",\r\n    \"cardHolder\": {\r\n        \"cardProfileId\": 30,\r\n        \"cardholderFirstName\": \"Shinjan\",\r\n        \"cardholderLastName\": \"Patra\",\r\n        \"cardholderMobile\": \"918436883689\",\r\n        \"cardholderEmail\": \"shinjan.patra@wibmo.com\",\r\n        \"cardholderAddress\": \"Bengaluru\",\r\n        \"cardholderCity\": \"Bengaluru\",\r\n        \"cardholderState\": \"Karnataka\",\r\n        \"cardholderCountry\": \"India\",\r\n        \"cardholderZipCode\": \"500075\",\r\n        \"cardholderDateOfBirth\": \"11-Dec-2000\",\r\n        \"identityProof\": \"PAN\",\r\n        \"identityProofNumber\": \"12345678\",\r\n        \"isPanValid\": 0\r\n    },\r\n    \"subwalletListDetails\": [\r\n        {\r\n            \"subwallet_id\": \"XOX850a5597_1\",\r\n            \"default_wallet\": 1,\r\n            \"available_balance\": \"0.00\",\r\n            \"account_number\": \"604010000668\",\r\n            \"account_status\": \"0\",\r\n            \"subwallet_name\": \"MetroWallet\",\r\n            \"ledger_balance\": \"0.00\",\r\n            \"authorized_amount\": \"0.00\",\r\n            \"settled_amount\": \"0.00\"\r\n        },\r\n        {\r\n            \"subwallet_id\": \"XOX850a5597_2\",\r\n            \"default_wallet\": 0,\r\n            \"available_balance\": \"0.00\",\r\n            \"account_number\": \"604010000676\",\r\n            \"account_status\": \"9\",\r\n            \"subwallet_name\": \"Xoxo Pharmacy  Wallet\",\r\n            \"ledger_balance\": \"0.00\",\r\n            \"authorized_amount\": \"0.00\",\r\n            \"settled_amount\": \"0.00\"\r\n        },\r\n        {\r\n            \"subwallet_id\": \"XOX850a5597_3\",\r\n            \"default_wallet\": 0,\r\n            \"available_balance\": \"0.00\",\r\n            \"account_number\": \"604010000684\",\r\n            \"account_status\": \"9\",\r\n            \"subwallet_name\": \"Xoxo Fuel Wallet\",\r\n            \"ledger_balance\": \"0.00\",\r\n            \"authorized_amount\": \"0.00\",\r\n            \"settled_amount\": \"0.00\"\r\n        }\r\n    ]\r\n}",
									"options": {
										"raw": {
											"language": "json"
										}
									}
								},
								"url": {
									"raw": ""
								}
							},
							"response": []
						}
					]
				},
				{
					"name": "Card_Level_Limit",
					"item": [
						{
							"name": "Create_Card_Level_Limit",
							"request": {
								"method": "POST",
								"header": [
									{
										"key": "clientId",
										"value": "1",
										"type": "default"
									},
									{
										"key": "bankId",
										"value": "6050",
										"type": "default"
									}
								],
								"body": {
									"mode": "raw",
									"raw": "{\r\n    \"programId\": \"1\",\r\n    \"kycProfileId\": \"30\",\r\n    \"fundFlowType\": \"1\",\r\n    \"channelId\": \"4\",\r\n    \"customerId\": \"1350\",\r\n    \"urn\": \"1350\",\r\n    \"dailyLimit\": 9000,\r\n    \"monthlyLimit\": 30000,\r\n    \"yearlyLimit\": 400000,\r\n    \"dailyCount\": 6,\r\n    \"monthlyCount\": 150,\r\n    \"yearlyCount\": 500\r\n}",
									"options": {
										"raw": {
											"language": "json"
										}
									}
								},
								"url": {
									"raw": "https://hexappi-master-rule-limit.pc.enstage-sas.com/api/limit/v1/cards",
									"protocol": "https",
									"host": [
										"hexappi-master-rule-limit",
										"pc",
										"enstage-sas",
										"com"
									],
									"path": [
										"api",
										"limit",
										"v1",
										"cards"
									]
								}
							},
							"response": []
						},
						{
							"name": "Create_Card_Level_Outstanding_Bal_Limit",
							"request": {
								"method": "POST",
								"header": [
									{
										"key": "clientId",
										"value": "5",
										"type": "default"
									}
								],
								"body": {
									"mode": "raw",
									"raw": "{\r\n    \"programId\": \"1\",\r\n    \"kycProfileId\": \"30\",\r\n    \"fundFlowType\": \"7\",\r\n    \"customerId\": \"128920\",\r\n    \"urn\": \"49\",\r\n     \"outstandingBalance\": \"700000\"\r\n}",
									"options": {
										"raw": {
											"language": "json"
										}
									}
								},
								"url": {
									"raw": "https://mw-master-rule.pc.enstage-sas.com/api/limit/v1/cards",
									"protocol": "https",
									"host": [
										"mw-master-rule",
										"pc",
										"enstage-sas",
										"com"
									],
									"path": [
										"api",
										"limit",
										"v1",
										"cards"
									]
								}
							},
							"response": []
						},
						{
							"name": "Fetch_Card_Level_Limit",
							"protocolProfileBehavior": {
								"disableBodyPruning": true
							},
							"request": {
								"method": "GET",
								"header": [
									{
										"key": "clientId",
										"value": "5",
										"type": "default"
									}
								],
								"body": {
									"mode": "raw",
									"raw": "{\r\n    \"fetchCardRequest\":[\r\n        {\r\n            \"iccId\":\"1892\"\r\n        }\r\n    ]\r\n}",
									"options": {
										"raw": {
											"language": "json"
										}
									}
								},
								"url": {
									"raw": "https://mw-master-rule.pc.enstage-sas.com/api/limit/v1/cards/49",
									"protocol": "https",
									"host": [
										"mw-master-rule",
										"pc",
										"enstage-sas",
										"com"
									],
									"path": [
										"api",
										"limit",
										"v1",
										"cards",
										"49"
									]
								}
							},
							"response": []
						},
						{
							"name": "Fetch_Card_Level_Limit_Single",
							"request": {
								"method": "GET",
								"header": [
									{
										"key": "clientId",
										"value": "1",
										"type": "default"
									},
									{
										"key": "bankId",
										"value": "6050",
										"type": "text"
									}
								],
								"url": {
									"raw": "https://hexappi-master-rule-limit.pc.enstage-sas.com/api/limit/v1/cards/1350",
									"protocol": "https",
									"host": [
										"hexappi-master-rule-limit",
										"pc",
										"enstage-sas",
										"com"
									],
									"path": [
										"api",
										"limit",
										"v1",
										"cards",
										"1350"
									]
								}
							},
							"response": []
						},
						{
							"name": "Update_Card_Level_Limit",
							"request": {
								"method": "PATCH",
								"header": [
									{
										"key": "clientId",
										"value": "1",
										"type": "default"
									},
									{
										"key": "bankId",
										"value": "6050",
										"type": "text"
									}
								],
								"body": {
									"mode": "raw",
									"raw": "{\r\n    \"id\": 17,\r\n    \"dailyLimit\": 100000,\r\n    \"yearlyLimit\":5000000,\r\n    \"availableBalance\": 3000\r\n}",
									"options": {
										"raw": {
											"language": "json"
										}
									}
								},
								"url": {
									"raw": "https://hexappi-master-rule-limit.pc.enstage-sas.com/api/limit/v1/cards",
									"protocol": "https",
									"host": [
										"hexappi-master-rule-limit",
										"pc",
										"enstage-sas",
										"com"
									],
									"path": [
										"api",
										"limit",
										"v1",
										"cards"
									]
								}
							},
							"response": []
						},
						{
							"name": "Delete_Card_Level_Limit",
							"request": {
								"method": "DELETE",
								"header": [
									{
										"key": "clientId",
										"value": "1",
										"type": "default"
									},
									{
										"key": "bankId",
										"value": "6050",
										"type": "text"
									}
								],
								"body": {
									"mode": "raw",
									"raw": "{\r\n    \"id\": 11\r\n}",
									"options": {
										"raw": {
											"language": "json"
										}
									}
								},
								"url": {
									"raw": "https://hexappi-master-rule-limit.pc.enstage-sas.com/api/limit/v1/cards",
									"protocol": "https",
									"host": [
										"hexappi-master-rule-limit",
										"pc",
										"enstage-sas",
										"com"
									],
									"path": [
										"api",
										"limit",
										"v1",
										"cards"
									]
								}
							},
							"response": []
						}
					]
				},
				{
					"name": "Wallet_Level_Limit",
					"item": [
						{
							"name": "Create_Wallet_Level_Limit",
							"request": {
								"method": "POST",
								"header": [
									{
										"key": "clientId",
										"value": "1",
										"type": "default"
									},
									{
										"key": "bankId",
										"value": "6050",
										"type": "text"
									}
								],
								"body": {
									"mode": "raw",
									"raw": "{\r\n    \"programId\": 1,\r\n    \"customerId\": 1350,\r\n    \"urn\": 1350,\r\n    \"walletAccountNumber\": \"605003007370\",\r\n    \"kycProfileId\": \"150\",\r\n    \"fundFlowType\": \"1\",\r\n    \"channelId\": \"4\",\r\n    \"dailyLimit\": 8000,\r\n    \"monthlyLimit\": 20000,\r\n    \"yearlyLimit\": 300000,\r\n    \"dailyCount\": 5,\r\n    \"monthlyCount\": 100,\r\n    \"yearlyCount\": 300,\r\n    \"availableBalance\": 1000000\r\n}",
									"options": {
										"raw": {
											"language": "json"
										}
									}
								},
								"url": {
									"raw": "https://hexappi-master-rule-limit.pc.enstage-sas.com/api/limit/v1/wallets",
									"protocol": "https",
									"host": [
										"hexappi-master-rule-limit",
										"pc",
										"enstage-sas",
										"com"
									],
									"path": [
										"api",
										"limit",
										"v1",
										"wallets"
									]
								},
								"description": "create"
							},
							"response": []
						},
						{
							"name": "Create_Wallet_Outstanding_Bal_Limit",
							"request": {
								"method": "POST",
								"header": [
									{
										"key": "clientId",
										"value": "5",
										"type": "default"
									}
								],
								"body": {
									"mode": "raw",
									"raw": "{\r\n    \"programId\": 1,\r\n    \"customerId\": 129609,\r\n    \"urn\": 129609,\r\n    \"walletAccountNumber\": \"6050102000064\",\r\n    \"kycProfileId\": \"30\",\r\n    \"fundFlowType\": 7,\r\n    \"outstandingBalance\": 10000\r\n}",
									"options": {
										"raw": {
											"language": "json"
										}
									}
								},
								"url": {
									"raw": "https://mw-master-rule.pc.enstage-sas.com/api/limit/v1/wallets",
									"protocol": "https",
									"host": [
										"mw-master-rule",
										"pc",
										"enstage-sas",
										"com"
									],
									"path": [
										"api",
										"limit",
										"v1",
										"wallets"
									]
								},
								"description": "create"
							},
							"response": []
						},
						{
							"name": "Fetch_Wallet_Level_Limit_Multi",
							"request": {
								"method": "GET",
								"header": [
									{
										"key": "clientId",
										"value": "1",
										"type": "default"
									},
									{
										"key": "bankid",
										"value": "6050",
										"type": "text"
									}
								],
								"url": {
									"raw": "https://hexappi-master-rule-limit.pc.enstage-sas.com/api/limit/v1/wallets/605003007370",
									"protocol": "https",
									"host": [
										"hexappi-master-rule-limit",
										"pc",
										"enstage-sas",
										"com"
									],
									"path": [
										"api",
										"limit",
										"v1",
										"wallets",
										"605003007370"
									]
								}
							},
							"response": []
						},
						{
							"name": "Fetch_Wallet_Level_Limit Single",
							"request": {
								"method": "GET",
								"header": [
									{
										"key": "clientId",
										"value": "5",
										"type": "default"
									}
								],
								"url": {
									"raw": "https://mw-master-rule.pc.enstage-sas.com/api/limit/v1/wallets/6050102000064/urns/49/customers/129609/programs/1/kycprofiles/30/fundflowtypes/1/channels/4",
									"protocol": "https",
									"host": [
										"mw-master-rule",
										"pc",
										"enstage-sas",
										"com"
									],
									"path": [
										"api",
										"limit",
										"v1",
										"wallets",
										"6050102000064",
										"urns",
										"49",
										"customers",
										"129609",
										"programs",
										"1",
										"kycprofiles",
										"30",
										"fundflowtypes",
										"1",
										"channels",
										"4"
									]
								}
							},
							"response": []
						},
						{
							"name": "Update_Wallet_Level_Limit",
							"request": {
								"method": "PATCH",
								"header": [
									{
										"key": "clientId",
										"value": "1",
										"type": "default"
									},
									{
										"key": "bankId",
										"value": "6050",
										"type": "text"
									}
								],
								"body": {
									"mode": "raw",
									"raw": "{\r\n    \"id\": 10,\r\n    \"dailyCount\": 6\r\n}",
									"options": {
										"raw": {
											"language": "json"
										}
									}
								},
								"url": {
									"raw": "https://hexappi-master-rule-limit.pc.enstage-sas.com/api/limit/v1/wallets",
									"protocol": "https",
									"host": [
										"hexappi-master-rule-limit",
										"pc",
										"enstage-sas",
										"com"
									],
									"path": [
										"api",
										"limit",
										"v1",
										"wallets"
									]
								}
							},
							"response": []
						},
						{
							"name": "Delete_Wallet_Level_Limit",
							"request": {
								"method": "DELETE",
								"header": [
									{
										"key": "clientId",
										"value": "1",
										"type": "default"
									},
									{
										"key": "bankId",
										"value": "6050",
										"type": "text"
									}
								],
								"body": {
									"mode": "raw",
									"raw": "{\r\n    \"id\": 11\r\n}",
									"options": {
										"raw": {
											"language": "json"
										}
									}
								},
								"url": {
									"raw": "https://hexappi-master-rule-limit.pc.enstage-sas.com/api/limit/v1/wallets",
									"protocol": "https",
									"host": [
										"hexappi-master-rule-limit",
										"pc",
										"enstage-sas",
										"com"
									],
									"path": [
										"api",
										"limit",
										"v1",
										"wallets"
									]
								}
							},
							"response": []
						}
					]
				},
				{
					"name": "Program_Level_Min_Max",
					"item": [
						{
							"name": "Create_Program_Level_Min_Max",
							"request": {
								"method": "POST",
								"header": [
									{
										"key": "clientId",
										"value": "6",
										"type": "default"
									}
								],
								"body": {
									"mode": "raw",
									"raw": "{\r\n    \"programId\": 2,\r\n    \"fundFlowType\": 1,\r\n    \"channelId\": 4,\r\n    \"minLimit\": 100,\r\n    \"maxLimit\": 20000000\r\n}",
									"options": {
										"raw": {
											"language": "json"
										}
									}
								},
								"url": {
									"raw": "https://volohealth-master-rule.pc.enstage-sas.com/api/limit/v1/programs/minmaxrange",
									"protocol": "https",
									"host": [
										"volohealth-master-rule",
										"pc",
										"enstage-sas",
										"com"
									],
									"path": [
										"api",
										"limit",
										"v1",
										"programs",
										"minmaxrange"
									]
								}
							},
							"response": []
						},
						{
							"name": "Fetch_Program_Level_Min_Max_Multi",
							"request": {
								"method": "GET",
								"header": [
									{
										"key": "clientId",
										"value": "5",
										"type": "default"
									}
								],
								"url": {
									"raw": "https://mw-master-rule.pc.enstage-sas.com/api/limit/v1/programs/minmaxrange/1",
									"protocol": "https",
									"host": [
										"mw-master-rule",
										"pc",
										"enstage-sas",
										"com"
									],
									"path": [
										"api",
										"limit",
										"v1",
										"programs",
										"minmaxrange",
										"1"
									]
								}
							},
							"response": []
						},
						{
							"name": "Fetch_Program_Level_Min_Max_Single",
							"request": {
								"method": "GET",
								"header": [
									{
										"key": "clientId",
										"value": "5",
										"type": "default"
									}
								],
								"url": {
									"raw": "https://mw-master-rule.pc.enstage-sas.com/api/limit/v1/programs/minmaxrange/1/fundflowtypes/1/channels/1",
									"protocol": "https",
									"host": [
										"mw-master-rule",
										"pc",
										"enstage-sas",
										"com"
									],
									"path": [
										"api",
										"limit",
										"v1",
										"programs",
										"minmaxrange",
										"1",
										"fundflowtypes",
										"1",
										"channels",
										"1"
									]
								}
							},
							"response": []
						},
						{
							"name": "Update_Program_Level_Min_Max",
							"request": {
								"method": "PATCH",
								"header": [
									{
										"key": "clientId",
										"value": "5",
										"type": "default"
									}
								],
								"body": {
									"mode": "raw",
									"raw": "{\r\n    \"id\": 1,\r\n    \"minLimit\": 100\r\n}",
									"options": {
										"raw": {
											"language": "json"
										}
									}
								},
								"url": {
									"raw": "https://mw-master-rule.pc.enstage-sas.com/api/limit/v1/programs/minmaxrange",
									"protocol": "https",
									"host": [
										"mw-master-rule",
										"pc",
										"enstage-sas",
										"com"
									],
									"path": [
										"api",
										"limit",
										"v1",
										"programs",
										"minmaxrange"
									]
								}
							},
							"response": []
						},
						{
							"name": "Delete_Program_Level_Min_Max",
							"request": {
								"method": "DELETE",
								"header": [
									{
										"key": "clientId",
										"value": "5",
										"type": "default"
									}
								],
								"body": {
									"mode": "raw",
									"raw": "{\r\n    \"id\": 1\r\n}",
									"options": {
										"raw": {
											"language": "json"
										}
									}
								},
								"url": {
									"raw": "https://mw-master-rule.pc.enstage-sas.com/api/limit/v1/programs/minmaxrange",
									"protocol": "https",
									"host": [
										"mw-master-rule",
										"pc",
										"enstage-sas",
										"com"
									],
									"path": [
										"api",
										"limit",
										"v1",
										"programs",
										"minmaxrange"
									]
								}
							},
							"response": []
						}
					]
				}
			]
		},
		{
			"name": "AML",
			"item": [
				{
					"name": "amlCheck",
					"request": {
						"method": "POST",
						"header": [
							{
								"key": "clientId",
								"value": "15",
								"type": "default",
								"disabled": true
							}
						],
						"body": {
							"mode": "raw",
							"raw": "\r\n\r\n{\r\n\r\n    \"programId\": 1,\r\n    \"customerId\": \"680\",\r\n    \"urn\": 680,\r\n    \"walletAccountNumber\": \"605003004872\",\r\n    \"kycProfileId\": 30,\r\n    \"fundFlowType\": 2,\r\n    \"channelId\": 1,\r\n    \"amount\": 100,\r\n    \"eventId\": \"303137\"\r\n}",
							"options": {
								"raw": {
									"language": "json"
								}
							}
						},
						"url": {
							"raw": "https://hexappi-master-rule-limit.pc.enstage-sas.com/api/limit/v1/check",
							"protocol": "https",
							"host": [
								"hexappi-master-rule-limit",
								"pc",
								"enstage-sas",
								"com"
							],
							"path": [
								"api",
								"limit",
								"v1",
								"check"
							]
						}
					},
					"response": []
				},
				{
					"name": "amlCheck Copy",
					"request": {
						"method": "POST",
						"header": [
							{
								"key": "clientId",
								"value": "15",
								"type": "default",
								"disabled": true
							}
						],
						"body": {
							"mode": "raw",
							"raw": "\r\n\r\n{\r\n    \"programId\": 1,\r\n    \"customerId\": 660,\r\n    \"urn\": 660,\r\n    \"walletAccountNumber\": 605003003775,\r\n    \"kycProfileId\": 30,\r\n    \"fundFlowType\": 1,\r\n    \"channelId\": 4,\r\n    \"amount\": 70000\r\n}\r\n",
							"options": {
								"raw": {
									"language": "json"
								}
							}
						},
						"url": {
							"raw": "https://hexappi-master-rule-limit.pc.enstage-sas.com/api/limit/v1/check",
							"protocol": "https",
							"host": [
								"hexappi-master-rule-limit",
								"pc",
								"enstage-sas",
								"com"
							],
							"path": [
								"api",
								"limit",
								"v1",
								"check"
							]
						}
					},
					"response": []
				},
				{
					"name": "updateRunningLimit",
					"request": {
						"method": "POST",
						"header": [
							{
								"key": "clientId",
								"value": "5",
								"type": "default"
							}
						],
						"body": {
							"mode": "raw",
							"raw": "{\r\n    \"walletAccountNumber\": \"6050102000064\",\r\n    \"fundFlowType\": 1,\r\n    \"channelId\": 1,\r\n    \"amount\": \"300\"\r\n}",
							"options": {
								"raw": {
									"language": "json"
								}
							}
						},
						"url": {
							"raw": "https://mw-master-rule.pc.enstage-sas.com/api/limit/v1/update",
							"protocol": "https",
							"host": [
								"mw-master-rule",
								"pc",
								"enstage-sas",
								"com"
							],
							"path": [
								"api",
								"limit",
								"v1",
								"update"
							]
						}
					},
					"response": []
				}
			]
		},
		{
			"name": "Prepaid_APIs",
			"item": [
				{
					"name": "MW_Load_API_V1",
					"request": {
						"auth": {
							"type": "noauth"
						},
						"method": "POST",
						"header": [
							{
								"key": "apiKey",
								"value": "",
								"type": "text"
							},
							{
								"key": "bankId",
								"value": "6040",
								"type": "text"
							},
							{
								"key": "clientId",
								"value": "bdo",
								"type": "default"
							},
							{
								"key": "entityId",
								"value": "100",
								"type": "default"
							},
							{
								"key": "X-Consumer-Custom-ID",
								"value": "7e34b046e7af0198a0d2f4546e577ce5",
								"type": "default"
							},
							{
								"key": "secureCode",
								"value": "AfYtlO5kqdySIjXyNmGg3F",
								"type": "default"
							}
						],
						"body": {
							"mode": "raw",
							"raw": "{\n    \"messageCode\": \"1080\",\n    \"clientId\": \"bdo\",\n    \"clientTxnId\": \"2023LOAD10000000003\",\n    \"requestDateTime\": \"20190405111300\",\n    \"bankId\": 6040,\n    \"secureCode\": \"AfYtlO5kqdySIjXyNmGg3F\",\n    \"entityId\": 100,\n    \"last4Digits\": \"0696\",\n    \"urn\": 129863,\n    \"customerId\": \"129863\",\n    \"subWalletId\": \"XOX850a5597_3\",\n    \"agentComments\": \"Credit to customer\",\n    \"transactionAmount\": 100,\n    \"sourceAccountType\": \"00\",\n    \"sourceAccount\": \"1234\",\n    \"originalClientTxnId\": \"201607040918424092qE93qK4\",\n    \"reserved1\": \"\",\n    \"reserved2\": \"\",\n    \"reserved3\": \"\",\n    \"reserved4\": \"\",\n    \"reserved5\": \"\"\n}\n\n\n",
							"options": {
								"raw": {
									"language": "json"
								}
							}
						},
						"url": {
							"raw": "http://localhost:5050/api/v3/loadAccount",
							"protocol": "http",
							"host": [
								"localhost"
							],
							"port": "5050",
							"path": [
								"api",
								"v3",
								"loadAccount"
							]
						}
					},
					"response": []
				},
				{
					"name": "MW_Unload_API_V1",
					"request": {
						"auth": {
							"type": "noauth"
						},
						"method": "POST",
						"header": [
							{
								"key": "apiKey",
								"value": "",
								"type": "text",
								"disabled": true
							},
							{
								"key": "bankId",
								"value": "6040",
								"type": "text"
							},
							{
								"key": "clientId",
								"value": "bdo",
								"type": "default"
							},
							{
								"key": "entityId",
								"value": "100",
								"type": "default"
							},
							{
								"key": "X-Consumer-Custom-ID",
								"value": "7e34b046e7af0198a0d2f4546e577ce5",
								"type": "default"
							},
							{
								"key": "secureCode",
								"value": "AfYtlO5kqdySIjXyNmGg3F",
								"type": "default"
							}
						],
						"body": {
							"mode": "raw",
							"raw": "{\n    \"messageCode\": \"1\",\n    \"clientId\": \"bdo\",\n    \"clientTxnId\": \"2020080414719a386_39\",\n    \"requestDateTime\": \"20190405111300\",\n    \"bankId\": 6040,\n    \"secureCode\": \"AfYtlO5kqdySIjXyNmGg3F\",\n    \"entityId\": 100,\n    \"last4Digits\": \"0696\",\n    \"urn\": 129863,\n    \"customerId\": \"129863\",\n    \"subWalletId\": \"XOX850a5597_3\",\n    \"agentComments\": \"Credit to customer\",\n    \"transactionAmount\": 100,\n    \"sourceAccountType\": \"00\",\n    \"sourceAccount\": \"1234\",\n    \"originalClientTxnId\": \"201607040918424092qE93qK4\",\n    \"reserved1\": \"\",\n    \"reserved2\": \"\",\n    \"reserved3\": \"\",\n    \"reserved4\": \"\",\n    \"reserved5\": \"\"\n}",
							"options": {
								"raw": {
									"language": "json"
								}
							}
						},
						"url": {
							"raw": "http://localhost:5050/api/v3/unloadAccount",
							"protocol": "http",
							"host": [
								"localhost"
							],
							"port": "5050",
							"path": [
								"api",
								"v3",
								"unloadAccount"
							]
						}
					},
					"response": []
				},
				{
					"name": "MW_Load_API_v2",
					"request": {
						"auth": {
							"type": "noauth"
						},
						"method": "POST",
						"header": [
							{
								"key": "apiKey",
								"value": "",
								"type": "text",
								"disabled": true
							},
							{
								"key": "bankId",
								"value": "6040",
								"type": "text"
							},
							{
								"key": "clientId",
								"value": "bdo",
								"type": "default"
							},
							{
								"key": "entityId",
								"value": "100",
								"type": "default"
							},
							{
								"key": "X-Consumer-Custom-ID",
								"value": "7e34b046e7af0198a0d2f4546e577ce5",
								"type": "default"
							},
							{
								"key": "secureCode",
								"value": "AfYtlO5kqdySIjXyNmGg3F",
								"type": "default"
							}
						],
						"body": {
							"mode": "raw",
							"raw": "{\n    \"messageCode\": \"1080\",\n    \"clientTxnId\": \"LOADMW10000000117\",\n    \"requestDateTime\": \"20220302153028\",\n    \"urn\": 129609,\n    \"transactionAmount\": 300,\n    \"sender\": \"AMAZON\",\n    \"loadCurrency\": \"INR\",\n    \"sourceType\": 0,\n    \"subWalletId\": \"Vol6bbbaa78_3\",\n    \"sourceAccount\": \"27389282\",\n    \"originalClientTxnId\": \"GOUTTH14000013\",\n    \"implId\": \"I|70130\",\n    \"implType\": \"P2M_A2W_I\",\n    \"refundFileId\": \"sreekumar.csv\",\n    \"fundFlowType\": \"I\",\n    \"fee\": 0\n}",
							"options": {
								"raw": {
									"language": "json"
								}
							}
						},
						"url": {
							"raw": "http://localhost:5050/api/v3/creditAccount",
							"protocol": "http",
							"host": [
								"localhost"
							],
							"port": "5050",
							"path": [
								"api",
								"v3",
								"creditAccount"
							]
						}
					},
					"response": []
				},
				{
					"name": "MW_Unload_API_V2",
					"request": {
						"auth": {
							"type": "noauth"
						},
						"method": "POST",
						"header": [
							{
								"key": "apiKey",
								"value": "",
								"type": "text",
								"disabled": true
							},
							{
								"key": "bankId",
								"value": "6040",
								"type": "text"
							},
							{
								"key": "clientId",
								"value": "bdo",
								"type": "default"
							},
							{
								"key": "entityId",
								"value": "100",
								"type": "default"
							},
							{
								"key": "X-Consumer-Custom-ID",
								"value": "7e34b046e7af0198a0d2f4546e577ce5",
								"type": "default"
							},
							{
								"key": "secureCode",
								"value": "AfYtlO5kqdySIjXyNmGg3F",
								"type": "default"
							}
						],
						"body": {
							"mode": "raw",
							"raw": "{\n    \"messageCode\": \"1480\",\n    \"clientTxnId\": \"GOUTTH140000156\",\n    \"requestDateTime\": \"20220302153028\",\n    \"urn\": 129609,\n    \"subWalletId\": \"Vol6bbbaa78_3\",\n    \"transactionAmount\": 10000,\n    \"receiver\": \"CITRUS\",\n    \"receiverAccountType\": \"wallet\",\n    \"receiverAccount\": \"SOURAV\",\n    \"unloadCurrency\": \"INR\",\n    \"originalClientTxnId\": \"\",\n    \"sourceType\": 0,\n    \"implId\": \"O|70000\",\n    \"implType\": \"P2M_W2A_O\",\n    \"refundFileId\": \"201607040918424092qE93qKGGE3456.csv\",\n    \"fundFlowType\": \"O\",\n    \"pgNo\": \"PgNo-1\",\n    \"orderId\": \"Order2\",\n    \"beneficiaryId\": 1102313,\n    \"fee\": 0\n}",
							"options": {
								"raw": {
									"language": "json"
								}
							}
						},
						"url": {
							"raw": "http://localhost:5050/api/v3/debitAccount",
							"protocol": "http",
							"host": [
								"localhost"
							],
							"port": "5050",
							"path": [
								"api",
								"v3",
								"debitAccount"
							]
						}
					},
					"response": []
				},
				{
					"name": "MW_Load+Unload_API",
					"request": {
						"auth": {
							"type": "noauth"
						},
						"method": "POST",
						"header": [
							{
								"key": "apiKey",
								"value": "",
								"type": "text",
								"disabled": true
							},
							{
								"key": "bankId",
								"value": "6040",
								"type": "text"
							},
							{
								"key": "clientId",
								"value": "bdo",
								"type": "default"
							},
							{
								"key": "entityId",
								"value": "100",
								"type": "default"
							},
							{
								"key": "X-Consumer-Custom-ID",
								"value": "7e34b046e7af0198a0d2f4546e577ce5",
								"type": "default"
							},
							{
								"key": "secureCode",
								"value": "AfYtlO5kqdySIjXyNmGg3F",
								"type": "default"
							}
						],
						"body": {
							"mode": "raw",
							"raw": "{\n    \"messageCode\": \"1990\",\n    \"clientTxnId\": \"GOUTTH100001117\",\n    \"requestDateTime\": \"20220302153027\",\n    \"urn\": 129609,\n    \"customerId\": \"\",\n    \"mobile\": \"\",\n    \"transactionAmount\": 100,\n    \"sender\": \"AMAZON\",\n    \"receiver\": \"CITRUS\",\n    \"subWalletId\": \"Vol6bbbaa78_3\",\n    \"receiverAccountType\": \"wallet\",\n    \"receiverAccount\": \"SOURAV\",\n    \"loadCurrency\": \"INR\",\n    \"unloadCurrency\": \"INR\",\n    \"sourceaccountType\": \"Account\",\n    \"sourceAccount\": \"27389282\",\n    \"originalClientTxnId\": \"\",\n    \"sourceType\": 11,\n    \"implId\": \"IO|70030\",\n    \"implType\": \"P2M_A2W_I,P2M_W2A_O\",\n    \"refundFileId\": \"201607040918424092qE93qKGGE3456.csv\",\n    \"fundFlowType\": \"IO\",\n    \"pgNo\": \"PgNo-1\",\n    \"orderId\": \"Order2\",\n    \"beneficiaryId\": 1102313\n}",
							"options": {
								"raw": {
									"language": "json"
								}
							}
						},
						"url": {
							"raw": "http://localhost:5050/api/v3/creditAccount",
							"protocol": "http",
							"host": [
								"localhost"
							],
							"port": "5050",
							"path": [
								"api",
								"v3",
								"creditAccount"
							]
						}
					},
					"response": []
				},
				{
					"name": "MW_Create_Card",
					"request": {
						"method": "POST",
						"header": [
							{
								"key": "clientId",
								"value": "bdo",
								"type": "default"
							},
							{
								"key": "bankId",
								"value": "6040",
								"type": "default"
							},
							{
								"key": "entityId",
								"value": "100",
								"type": "default"
							},
							{
								"key": "X-Consumer-Custom-ID",
								"value": "7e34b046e7af0198a0d2f4546e577ce5",
								"type": "default"
							},
							{
								"key": "secureCode",
								"value": "AfYtlO5kqdySIjXyNmGg3F",
								"type": "default"
							}
						],
						"body": {
							"mode": "raw",
							"raw": "{\r\n    \"messageCode\": \"1010\",\r\n    \"productId\": \"138\",\r\n    \"clientTxnId\": \"Sreekumar0000000317\",\r\n    \"requestDateTime\": \"2022061914729\",\r\n    \"firstName\": \"Sourav\",\r\n    \"lastName\": \"mishra\",\r\n    \"mobile\": \"919597885020\",\r\n    \"customerId\": \"62507sree4299\",\r\n    \"dateOfBirth\": \"11-07-1993\",\r\n    \"cardProfileId\": \"150\",\r\n    \"sourceAccountType\": 11,\r\n    \"docList\": [\r\n        {\r\n            \"docType\": \"Pancard\",\r\n            \"docCountry\": \"India\",\r\n            \"docExpiry\": \"20231201\",\r\n            \"docNumber\": \"ABCDE1234A\"\r\n        },\r\n        {\r\n            \"docType\": \"VoterId\",\r\n            \"docCountry\": \"Argentina\",\r\n            \"docExpiry\": \"20231201\",\r\n            \"docNumber\": \"YCV0189823\"\r\n        },\r\n        {\r\n            \"docType\": \"Aadhar\",\r\n            \"docCountry\": \"India,U.S,Argentina\",\r\n            \"docExpiry\": \"20231201\",\r\n            \"docNumber\": \"3675 9834 6015\",\r\n            \"cKycDocNo\": \"123456\",\r\n            \"docConsent\": \"true\"\r\n        },\r\n        {\r\n            \"docType\": \"Passport\",\r\n            \"docCountry\": \"India\",\r\n            \"docExpiry\": \"20231201\",\r\n            \"docNumber\": \"A1234567\"\r\n        }\r\n    ],\r\n    \"newCardStatus\": \"Active\",\r\n    \"loadAmount\": \"0\",\r\n    \"eventid\": 303001\r\n}",
							"options": {
								"raw": {
									"language": "json"
								}
							}
						},
						"url": {
							"raw": "http://localhost:5050/api/v3/createCard",
							"protocol": "http",
							"host": [
								"localhost"
							],
							"port": "5050",
							"path": [
								"api",
								"v3",
								"createCard"
							]
						}
					},
					"response": []
				}
			]
		}
	]
}