{
	"scenarioName": "'scenario_name'",
	"steps": [
        {
			"name": "'api1_name'",
			"url": "'api1_url'",
			"method": "'api1_method'",
			"request": {
                "headers":{
                    "Content-Type": "'contentType'",
                    "x-api-key": "'x-api-key'"
                },
				"body": {
                    "messageCode": "'api1_messageCode'",
                    "clientTxnId": "'api1_clientTxnId'",
                    "requestDateTime": "'api1_requestDateTime'",
                    "senders": [
                        {
                            "customerId":"'api1_senders_customerId'",
                            "transactionAmount": "api1_senders_transactionAmount",
                            "sourceAccountType": "api1_senders_sourceAccountType",
                            "sourceAccount": "'api1_senders_sourceAccount'",
                            "urn": "'api1_senders_urn'",
                            "accountNumber": "'api1_senders_accountNumber'",
                            "accountNumberCurrency": "'api1_senders_accountNumberCurrency'",
                            "reserved1": "'api1_reserved1'",
                            "reserved2": "'api1_reserved2'",
                            "reserved3": "'api1_reserved3'"
                        }
                    ],
                    "receivers": [
                        {
                            "customerId": "'api1_receivers_customerId'",
                            "transactionAmount": "'api1_receivers_transactionAmount'",
                            "urn": "'api1_receivers_urn'",
                            "accountNumber": "'api1_receivers-accountNumber'",
                            "reserved4": "'api1_reserved4'",
                            "reserved5": "'api1_reserved5'",
                            "reserved6": "'api1_reserved6'"
                        }
                    ]
				}
			},
			"verify": {
				"status": "api1_response_status"
			}	
		},
		{
			"name": "'api2_name'",
			"url": "'api2_url'",
			"method": "'api2_method'",
			"request": {
                "headers":{
                    "Content-Type": "'contentType'",
                    "x-api-key": "'x-api-key'",
                    "clientId":"'clientId'",
                    "bankId":"'bankId'",
                    "secureCode":"'secureCode'",
                    "entityId":"'entityId'",
                    "X-Consumer-Custom-ID":"'X_Consumer_Custom_ID'"
                },
				"body": {
                    "token": "${$.api1_name.response.body.token}"
				}
			},
			"verify": {
				"status": "api2_response_status"
			}	
		},
        {
			"name": "'api3_name'",
			"url": "'api3_url'",
			"method": "'api3_method'",
			"request": {
                "headers":{
                    "Content-Type": "'contentType'",
                    "x-api-key": "'x-api-key'"
                },
				"body": {
                    "token": "${$.api2_name.response.body.token}"
				}
			},
			"verify": {
				"status": "api3_response_status",
                "body": {                
                    "responseCode": "'api3_response_response_code'",
                    "responseMessage": "'api3_response_response_message'"                
                }			
			}	
		}
	]
}