{
	"scenarioName": "'scenario_name'",
	"steps": [       
        {
			"name": "'api_name'",
			"url": "'api_url'",
			"method": "'api_method'",
			"request": {
                "headers":{
                    "Content-Type": "'contentType'",
                    "x-api-key": "'x-api-key'"
                },
				"body":{
					"rawDataList": "'api_rawDataList_p1'"
					,
					"seperator" : "'api_seperator'"
				}
			
			},
			"verify": {
				"status": "api_response_status"
			}	
		}
	]
}