{
	"scenarioName": "'scenario_name'",
	"steps": [
        {
			"name": "'api_name'",
			"url": "'api_url'",
			"method": "'api_method'",
			"request": {
                "headers":{
                    "Content-Type": "'contentType'",
                    "x-api-key": "'x-api-key'"
                },
				"body": {
                    "clientId": "'api_clientId'",
                    "mobileNumber": "'api_mobileNumber'",
                    "region": "'api_region'",
                    "txnId": "'api_txnId'",
                    "txnReq":{
						"applicationName": "'api_txnReq_applicationName'",
						"authType": "'api_txnReq_authType'",
						"offlineOtpValue": "'api_txnReq_offlineOtpValue'",
						"reason": "'api_txnReq_reason'",
						"txnAuthStatusWbhkUrl": "'api_txnReq_txnAuthStatusWbhkUrl'",
						"txnSource": "'api_txnReq_txnSource'",
						"txnDetails": {
							"amount": "'api_txnReq_txnDetails_amount'",
							"merchant_name": "'api_txnReq_txnDetails_merchant_name'"
						},
						"txnType": "'api_txnReq_txnType'"
					}					
                }
            },
			"verify": {
				"status": "api_response_status",
				"body": {
					"code": "'api_responseBody_code'",
					"status": "'api_responseBody_status'",
					"message": "'api_responseBody_message'"
				}
			}
        }
	]
}