{
	"scenarioName": "'scenario_name'",
	"steps": [
        {
			"name": "'api_name'",
			"url": "'api_url'",
			"method": "'api_method'",
			"request": {
                "headers":{
                    "Content-Type": "'contentType'",
                    "x-api-key": "'x-api-key'"
                },
				"body": {
                    "clientId": "'api_clientId'",
                    "traceId": "'api_traceId'",
                    "offlineOtpSecretKey": "'api_offlineOtpSecretKey'",
                    "regionCode": "'api_regionCode'",
                    "phoneNumber": "'api_phoneNumber'",
                    "consent": "'api_consent'",
                    "consentVersion": "'api_consentVersion'",
                    "tncVersion": "'api_tncVersion'",
                    "location": {
                    	"latitude": "'api_location_latitude'",
                    	"longitude": "'api_location_longitude'"
                    },
                    "deviceInfo": {
                    	"deviceId": "'api_deviceInfo_deviceId'",
                    	"model": "'api_deviceInfo_model'",
                    	"buildNumber": "'api_deviceInfo_buildNumber'",
                    	"serialNumber": "api_deviceInfo_serialNumber",
                    	"basebandVersion": "'api_deviceInfo_basebandVersion'",
                    	"kernelVersion": "'api_deviceInfo_kernelVersion'",
                    	"osType": "'api_deviceInfo_osType'",
                    	"osVersion": "'api_deviceInfo_osVersion'",
                    	"deviceMake": "'api_deviceInfo_deviceMake'",
                    	"deviceType": "'api_deviceInfo_deviceType'",
                    	"deviceCloudToken": "'api_deviceInfo_deviceCloudToken'",
                    	"siminfo": [{
                    			"id": "'api_siminfo1_id'",
                    			"simType": "'api_siminfo1_simType'",
                    			"operator": "'api_siminfo1_operator'",
                    			"isRegistered": "'api_siminfo1_isRegistered'",
                    			"simSlot": "'api_siminfo1_simSlot'"
                    		},
                    		{
                    			"id": "'api_siminfo2_id'",
                    			"simType": "'api_siminfo2_simType'",
                    			"operator": "'api_siminfo2_operator'",
                    			"isRegistered": "'api_siminfo2_isRegistered'",
                    			"simSlot": "'api_siminfo2_simSlot'"
                    		}
                    	],
                    	"access": {
                    		"notification": "'api_access_notification'",
                    		"biometric": "'api_access_biometric'",
                    		"faceId": "'api_access_faceId'"
                    	}
                    }
                }
            },
			"verify": {
				"status": "api_response_status",
				"body": {
					"status": "'api_responseBody_status'",
					"message": "'api_responseBody_message'"
				}
			}
        }
	]
}