{
	"scenarioName": "'scenario_name'",
	"steps": [       
        {
			"name": "'api_name'",
			"url": "'api_url'",
			"method": "'api_method'",
			"request": {
                "headers":{
                    "Content-Type": "'contentType'",
                    "x-api-key": "'x-api-key'"
                }			
			},
			"verify": {
				"status": "api_response_status",
                "body": {                
                    "code": "api_responseBody_code",
                    "status": "'api_responseBody_status'",					
					"result": "'api_responseBody_result'"
                }			
			}	
		}
	]
}