{
	"scenarioName": "'scenario_name'",
	"steps": [
        {
			"name": "'api1_name'",
			"url": "'api1_url'",
			"method": "'api1_method'",
			"request": {
                "headers":{
                    "Content-Type": "'api1_reqHeader_contentType'",
                    "x-api-key": "'api1_reqHeader_x-api-key'"
                },
				"body": {
                    "messageCode": "'api1_reqBody_messageCode'",
                    "clientTxnId": "'api1_reqBody_clientTxnId'",
                    "requestDateTime": "'api1_reqBody_requestDateTime'",
                    "customerMobile":"'api1_reqBody_customerMobile'",
                    "customerId":"'api1_reqBody_customerId'",                    
                    "emailId": "'api1_reqBody_emailId'",
                    "urn": "'api1_reqBody_urn'"
				}
			},
			"verify": {
				"status": "api1_response_status"
			}	
		},
		{
			"name": "'api2_name'",
			"url": "'api2_url'",
			"method": "'api2_method'",
			"request": {
                "headers":{
                    "Content-Type": "'api2_reqHeader_contentType'",
                    "x-api-key": "'api2_reqHeader_x-api-key'",
                    "clientId":"'api2_reqHeader_clientId'",
                    "bankId":"'api2_reqHeader_bankId'",
                    "secureCode":"'api2_reqHeader_secureCode'",
                    "entityId":"'api2_reqHeader_entityId'",
                    "X-Consumer-Custom-ID":"'api2_reqHeader_X_Consumer_Custom_ID'"
                },
				"body": {
                    "token": "${$.api1_name.response.body.token}"
				}
			},
			"verify": {
				"status": "api2_response_status"
			}	
		},
        {
			"name": "'api3_name'",
			"url": "'api3_url'",
			"method": "'api3_method'",
			"request": {
                "headers":{
                    "Content-Type": "'api3_reqHeader_contentType'",
                    "x-api-key": "'api3_reqHeader_x-api-key'"
                },
				"body": {
                    "token": "${$.api2_name.response.body.token}"
				}
			},
			"verify": {
				"status": "api3_response_status",
                "body": {                
                    "responseCode": "'api3_response_response_code'",
                    "responseMessage": "'api3_response_response_message'"                
                }			
			}	
		}
	]
}