{
	"scenarioName": "'scenario_name'",
	"steps": [
		{
			"name": "'api_name'",
			"url": "'api_url'",
			"method": "'api_method'",
			"request": {
                "headers":{
                    "Content-Type": "'api_reqHeader_contentType'",
                    "x-api-key": "'api_reqHeader_x-api-key'",
                    "clientId":"'api_reqHeader_clientId'",
                    "bankId":"'api_reqHeader_bankId'",
                    "secureCode":"'api_reqHeader_secureCode'",
                    "entityId":"'api_reqHeader_entityId'",
                    "X-Consumer-Custom-ID":"'api_reqHeader_X_Consumer_Custom_ID'"
                    
                },
				"body": {
                    "messageCode": "'api_reqBody_messageCode'",
                    "clientTxnId": "'api_reqBody_clientTxnId'",
                    "requestDateTime": "'api_reqBody_requestDateTime'",
                    "customerMobile":"'api_reqBody_customerMobile'",
                    "customerId":"'api_reqBody_customerId'",                    
                    "emailId": "api_reqBody_emailId",
                    "urn": "'api_reqBody_urn'",                    
                    "cardNumber": "'api_reqBody_cardNumber'"
				}
			},
			"verify": {
				"status": "api_response_status",
                "body": {                
                    "responseCode": "'api_response_response_code'",
                    "responseMessage": "'api_response_response_message'"                
                }			
			}	
		}
	]
}