<?xml version="1.0" encoding="UTF-8"?>
<!DOCTYPE suite SYSTEM "http://testng.org/testng-1.0.dtd">
<suite name="api_Smoke">
  <test name="SmokeTestCase">
  <parameter name="blockType" value="Temporary"></parameter>
    <classes>
   	 <class name="apiAutomation.API.CopyOfCopyOfCopyOfCreateCardTest_Latest"/>
      <class name="apiAutomation.API.LoadCardTest"/>
      <class name="apiAutomation.API.CardInquiryTest"/>
      <class name="apiAutomation.API.UnloadCardTest"/>
      <class name="apiAutomation.API.CardBlockTest"/>
      <class name="apiAutomation.API.CardUnblockTest"/>
      </classes>
  </test> <!-- SmokeTestCase -->
</suite> <!-- api_Smoke -->
